tahun,provinsi,komoditas,supply_ton,demand_ton,gap_ton,mapping_type,data_quality,forecast_supported,optimizer_mode,supply_index,demand_index
2018,Aceh,Beras Medium I,,580040.6,,exact,partial_demand,False,demand_only,,0.1073444519414942
2018,Bali,Beras Medium I,,537586.65,,exact,partial_demand,False,demand_only,,0.098915195011329
2018,Banten,Beras Medium I,,1268784.88,,exact,partial_demand,False,demand_only,,0.2440950368765037
2018,Bengkulu,Beras Medium I,,220855.4,,exact,partial_demand,False,demand_only,,0.03602801763296044
2018,DI Yogyakarta,Beras Medium I,,334284.60000000003,,exact,partial_demand,False,demand_only,,0.058549452509646736
2018,DKI Jakarta,Beras Medium I,,1013342.2000000001,,exact,partial_demand,False,demand_only,,0.19337674139045416
2018,Gorontalo,Beras Medium I,,134033.38,,exact,partial_demand,False,demand_only,,0.01878945411234711
2018,Jambi,Beras Medium I,,347078.85,,exact,partial_demand,False,demand_only,,0.06108975842885486
2018,Jawa Barat,Beras Medium I,,5075900.0,,exact,partial_demand,False,demand_only,,1.0
2018,Jawa Tengah,Beras Medium I,,3425757.44,,exact,partial_demand,False,demand_only,,0.6723632168587244
2018,Jawa Timur,Beras Medium I,,3775410.2100000004,,exact,partial_demand,False,demand_only,,0.7417869815419627
2018,Kalimantan Barat,Beras Medium I,,539121.0,,exact,partial_demand,False,demand_only,,0.09921984111306509
2018,Kalimantan Selatan,Beras Medium I,,420224.76,,exact,partial_demand,False,demand_only,,0.07561292220468116
2018,Kalimantan Tengah,Beras Medium I,,258326.0,,exact,partial_demand,False,demand_only,,0.04346782746755649
2018,Kalimantan Timur,Beras Medium I,,483519.08,,exact,partial_demand,False,demand_only,,0.08818004694808182
2018,Kalimantan Utara,Beras Medium I,,64823.1,,exact,partial_demand,False,demand_only,,0.00504771200522458
2018,Kepulauan Bangka Belitung,Beras Medium I,,138331.36,,exact,partial_demand,False,demand_only,,0.019642820588274826
2018,Kepulauan Riau,Beras Medium I,,197444.2,,exact,partial_demand,False,demand_only,,0.03137970999978418
2018,Lampung,Beras Medium I,,853251.84,,exact,partial_demand,False,demand_only,,0.16159070554496408
2018,Maluku,Beras Medium I,,158830.36,,exact,partial_demand,False,demand_only,,0.0237129091857188
2018,Maluku Utara,Beras Medium I,,148233.02,,exact,partial_demand,False,demand_only,,0.0216088010488713
2018,Nusa Tenggara Barat,Beras Medium I,,687732.0,,exact,partial_demand,False,demand_only,,0.12872664322803393
2018,Nusa Tenggara Timur,Beras Medium I,,650636.5800000001,,exact,partial_demand,False,demand_only,,0.12136132560476476
2018,Papua,Beras Medium I,,65489.59999999999,,exact,partial_demand,False,demand_only,,0.005180045975183913
2018,Papua Barat,Beras Medium I,,50886.159999999996,,exact,partial_demand,False,demand_only,,0.002280524309373034
2018,Riau,Beras Medium I,,608921.28,,exact,partial_demand,False,demand_only,,0.11307872806981403
2018,Sulawesi Barat,Beras Medium I,,175562.03,,exact,partial_demand,False,demand_only,,0.02703499217919143
2018,Sulawesi Selatan,Beras Medium I,,1022295.3900000001,,exact,partial_demand,False,demand_only,,0.1951544025704995
2018,Sulawesi Tengah,Beras Medium I,,351589.54,,exact,partial_demand,False,demand_only,,0.06198535860133179
2018,Sulawesi Tenggara,Beras Medium I,,300122.86,,exact,partial_demand,False,demand_only,,0.051766618788838606
2018,Sulawesi Utara,Beras Medium I,,295816.18,,exact,partial_demand,False,demand_only,,0.05091152492275538
2018,Sumatera Barat,Beras Medium I,,606215.75,,exact,partial_demand,False,demand_only,,0.11254154348505171
2018,Sumatera Selatan,Beras Medium I,,833029.0499999999,,exact,partial_demand,False,demand_only,,0.15757545860669858
2018,Sumatera Utara,Beras Medium I,,1632251.72,,exact,partial_demand,False,demand_only,,0.31626159334428233
2019,Aceh,Beras Medium I,,567663.4,,exact,partial_demand,False,demand_only,,0.10488695154692454
2019,Bali,Beras Medium I,,531340.83,,exact,partial_demand,False,demand_only,,0.09767508374913632
2019,Banten,Beras Medium I,,1243710.08,,exact,partial_demand,False,demand_only,,0.23911642047749948
2019,Bengkulu,Beras Medium I,,216365.6,,exact,partial_demand,False,demand_only,,0.03513656518236266
2019,DI Yogyakarta,Beras Medium I,,315377.10000000003,,exact,partial_demand,False,demand_only,,0.05479535718030521
2019,DKI Jakarta,Beras Medium I,,1005867.6,,exact,partial_demand,False,demand_only,,0.19189265513110224
2019,Gorontalo,Beras Medium I,,134157.6,,exact,partial_demand,False,demand_only,,0.018814118066958287
2019,Jambi,Beras Medium I,,337280.75,,exact,partial_demand,False,demand_only,,0.05914433986762672
2019,Jawa Barat,Beras Medium I,,4908395.3,,exact,partial_demand,False,demand_only,,0.9667418425538673
2019,Jawa Tengah,Beras Medium I,,3391346.93,,exact,partial_demand,False,demand_only,,0.6655309897069983
2019,Jawa Timur,Beras Medium I,,3699649.4700000007,,exact,partial_demand,False,demand_only,,0.7267446417201218
2019,Kalimantan Barat,Beras Medium I,,539697.6,,exact,partial_demand,False,demand_only,,0.09933432538475083
2019,Kalimantan Selatan,Beras Medium I,,415469.13,,exact,partial_demand,False,demand_only,,0.07466868905005594
2019,Kalimantan Tengah,Beras Medium I,,251213.5,,exact,partial_demand,False,demand_only,,0.042055636377780384
2019,Kalimantan Timur,Beras Medium I,,471143.04000000004,,exact,partial_demand,False,demand_only,,0.08572277687219956
2019,Kalimantan Utara,Beras Medium I,,64898.03999999999,,exact,partial_demand,False,demand_only,,0.00506259138663306
2019,Kepulauan Bangka Belitung,Beras Medium I,,136315.32,,exact,partial_demand,False,demand_only,,0.019242534651595432
2019,Kepulauan Riau,Beras Medium I,,192574.5,,exact,partial_demand,False,demand_only,,0.030412828179062535
2019,Lampung,Beras Medium I,,844681.23,,exact,partial_demand,False,demand_only,,0.15988900585063073
2019,Maluku,Beras Medium I,,164150.97999999998,,exact,partial_demand,False,demand_only,,0.024769321439649838
2019,Maluku Utara,Beras Medium I,,111140.42,,exact,partial_demand,False,demand_only,,0.014244043338273204
2019,Nusa Tenggara Barat,Beras Medium I,,695755.54,,exact,partial_demand,False,demand_only,,0.13031972184968063
2019,Nusa Tenggara Timur,Beras Medium I,,633983.04,,exact,partial_demand,False,demand_only,,0.11805475536909095
2019,Papua,Beras Medium I,,63664.47999999999,,exact,partial_demand,False,demand_only,,0.004817667317641255
2019,Papua Barat,Beras Medium I,,50651.12,,exact,partial_demand,False,demand_only,,0.0022338569780913516
2019,Riau,Beras Medium I,,606196.7999999999,,exact,partial_demand,False,demand_only,,0.11253778095132218
2019,Sulawesi Barat,Beras Medium I,,175714.56,,exact,partial_demand,False,demand_only,,0.02706527710107875
2019,Sulawesi Selatan,Beras Medium I,,994562.4,,exact,partial_demand,False,demand_only,,0.189648000971786
2019,Sulawesi Tengah,Beras Medium I,,337071.48,,exact,partial_demand,False,demand_only,,0.059102789185116
2019,Sulawesi Tenggara,Beras Medium I,,293314.77999999997,,exact,partial_demand,False,demand_only,,0.05041487047045788
2019,Sulawesi Utara,Beras Medium I,,288196.26,,exact,partial_demand,False,demand_only,,0.04939858529128871
2019,Sumatera Barat,Beras Medium I,,592612.86,,exact,partial_demand,False,demand_only,,0.1098406816146539
2019,Sumatera Selatan,Beras Medium I,,828564.7999999999,,exact,partial_demand,False,demand_only,,0.15668907912374141
2019,Sumatera Utara,Beras Medium I,,1581737.16,,exact,partial_demand,False,demand_only,,0.3062318975220032
2020,Aceh,Beras Medium I,,568226.0,,exact,partial_demand,False,demand_only,,0.10499865611031406
2020,Bali,Beras Medium I,,521525.97000000003,,exact,partial_demand,False,demand_only,,0.09572633747997643
2020,Banten,Beras Medium I,,1262516.18,,exact,partial_demand,False,demand_only,,0.24285038277675264
2020,Bengkulu,Beras Medium I,,212731.0,,exact,partial_demand,False,demand_only,,0.034414913198545415
2020,DI Yogyakarta,Beras Medium I,,310839.3,,exact,partial_demand,False,demand_only,,0.05389437430126323
2020,DKI Jakarta,Beras Medium I,,995189.6,,exact,partial_demand,False,demand_only,,0.18977253190345666
2020,Gorontalo,Beras Medium I,,134157.6,,exact,partial_demand,False,demand_only,,0.018814118066958287
2020,Jambi,Beras Medium I,,339165.0,,exact,partial_demand,False,demand_only,,0.05951845882170905
2020,Jawa Barat,Beras Medium I,,4938850.7,,exact,partial_demand,False,demand_only,,0.9727887802713461
2020,Jawa Tengah,Beras Medium I,,3379876.7600000002,,exact,partial_demand,False,demand_only,,0.663253580656423
2020,Jawa Timur,Beras Medium I,,3649142.3100000005,,exact,partial_demand,False,demand_only,,0.7167164151722277
2020,Kalimantan Barat,Beras Medium I,,531625.2000000001,,exact,partial_demand,False,demand_only,,0.09773154558115035
2020,Kalimantan Selatan,Beras Medium I,,412010.49,,exact,partial_demand,False,demand_only,,0.07398197402851031
2020,Kalimantan Tengah,Beras Medium I,,252920.50000000003,,exact,partial_demand,False,demand_only,,0.04239456223932665
2020,Kalimantan Timur,Beras Medium I,,482665.56,,exact,partial_demand,False,demand_only,,0.08801058004629683
2020,Kalimantan Utara,Beras Medium I,,63024.53999999999,,exact,partial_demand,False,demand_only,,0.004690606851421035
2020,Kepulauan Bangka Belitung,Beras Medium I,,132438.32,,exact,partial_demand,False,demand_only,,0.018472754004135054
2020,Kepulauan Riau,Beras Medium I,,180178.90000000002,,exact,partial_demand,False,demand_only,,0.027951674453589273
2020,Lampung,Beras Medium I,,841824.36,,exact,partial_demand,False,demand_only,,0.15932177261918629
2020,Maluku,Beras Medium I,,161589.19999999998,,exact,partial_demand,False,demand_only,,0.02426067850257193
2020,Maluku Utara,Beras Medium I,,112239.46,,exact,partial_demand,False,demand_only,,0.014462258381550186
2020,Nusa Tenggara Barat,Beras Medium I,,665380.71,,exact,partial_demand,False,demand_only,,0.1242887813534467
2020,Papua,Beras Medium I,,65596.95999999999,,exact,partial_demand,False,demand_only,,0.00520136236680407
2020,Papua Barat,Beras Medium I,,51121.200000000004,,exact,partial_demand,False,demand_only,,0.002327191640654719
2020,Riau,Beras Medium I,,597342.24,,exact,partial_demand,False,demand_only,,0.11077970281622372
2020,Sulawesi Barat,Beras Medium I,,170681.07,,exact,partial_demand,False,demand_only,,0.026065874678797264
2020,Sulawesi Selatan,Beras Medium I,,984999.3,,exact,partial_demand,False,demand_only,,0.18774924179981584
2020,Sulawesi Tengah,Beras Medium I,,340543.19,,exact,partial_demand,False,demand_only,,0.05979209926290674
2020,Sulawesi Tenggara,Beras Medium I,,290194.41,,exact,partial_demand,False,demand_only,,0.04979531915786672
2020,Sulawesi Utara,Beras Medium I,,289012.68,,exact,partial_demand,False,demand_only,,0.04956068596608871
2020,Sumatera Barat,Beras Medium I,,579009.9700000001,,exact,partial_demand,False,demand_only,,0.10713981974425613
2020,Sumatera Selatan,Beras Medium I,,821422.0,,exact,partial_demand,False,demand_only,,0.15527087195100994
2020,Sumatera Utara,Beras Medium I,,1551744.14,,exact,partial_demand,False,demand_only,,0.300276765627525
2021,Aceh,Beras Medium I,,579478.0,,exact,partial_demand,False,demand_only,,0.10723274737810466
2021,Bali,Beras Medium I,,493865.91000000003,,exact,partial_demand,False,demand_only,,0.09023441617598033
2021,Banten,Beras Medium I,,1267531.14,,exact,partial_demand,False,demand_only,,0.2438461060565535
2021,Bengkulu,Beras Medium I,,213372.4,,exact,partial_demand,False,demand_only,,0.034542263548630804
2021,DI Yogyakarta,Beras Medium I,,307814.10000000003,,exact,partial_demand,False,demand_only,,0.0532937190485686
2021,DKI Jakarta,Beras Medium I,,1000528.6,,exact,partial_demand,False,demand_only,,0.19083259351727944
2021,Gorontalo,Beras Medium I,,127822.38,,exact,partial_demand,False,demand_only,,0.01755625638178833
2021,Jambi,Beras Medium I,,338034.45,,exact,partial_demand,False,demand_only,,0.05929398744925966
2021,Jawa Barat,Beras Medium I,,4903319.399999999,,exact,partial_demand,False,demand_only,,0.9657340196009541
2021,Jawa Tengah,Beras Medium I,,3483108.29,,exact,partial_demand,False,demand_only,,0.6837502621116011
2021,Jawa Timur,Beras Medium I,,3712276.2600000002,,exact,partial_demand,False,demand_only,,0.7292516983570951
2021,Kalimantan Barat,Beras Medium I,,539121.0,,exact,partial_demand,False,demand_only,,0.09921984111306509
2021,Kalimantan Selatan,Beras Medium I,,415469.13,,exact,partial_demand,False,demand_only,,0.07466868905005594
2021,Kalimantan Tengah,Beras Medium I,,258610.50000000003,,exact,partial_demand,False,demand_only,,0.04352431511114753
2021,Kalimantan Timur,Beras Medium I,,477971.20000000007,,exact,partial_demand,False,demand_only,,0.08707851208647943
2021,Kalimantan Utara,Beras Medium I,,64673.219999999994,,exact,partial_demand,False,demand_only,,0.005017953242407617
2021,Kepulauan Bangka Belitung,Beras Medium I,,135229.76,,exact,partial_demand,False,demand_only,,0.01902699607030653
2021,Kepulauan Riau,Beras Medium I,,174423.8,,exact,partial_demand,False,demand_only,,0.02680899593819096
2021,Lampung,Beras Medium I,,867536.19,,exact,partial_demand,False,demand_only,,0.1644268717021863
2021,Maluku,Beras Medium I,,164742.15999999997,,exact,partial_demand,False,demand_only,,0.024886700578975508
2021,Maluku Utara,Beras Medium I,,118146.8,,exact,partial_demand,False,demand_only,,0.015635164239163956
2021,Nusa Tenggara Barat,Beras Medium I,,680854.68,,exact,partial_demand,False,demand_only,,0.12736114726662248
2021,Nusa Tenggara Timur,Beras Medium I,,643171.2000000001,,exact,partial_demand,False,demand_only,,0.1198790699818765
2021,Papua,Beras Medium I,,64415.99999999999,,exact,partial_demand,False,demand_only,,0.00496688205898235
2021,Papua Barat,Beras Medium I,,49123.36,,exact,partial_demand,False,demand_only,,0.001930519324760408
2021,Riau,Beras Medium I,,602110.0800000001,,exact,partial_demand,False,demand_only,,0.11172636027358446
2021,Sulawesi Barat,Beras Medium I,,170986.12999999998,,exact,partial_demand,False,demand_only,,0.026126444522571887
2021,Sulawesi Selatan,Beras Medium I,,1006038.1200000001,,exact,partial_demand,False,demand_only,,0.19192651197815022
2021,Sulawesi Tengah,Beras Medium I,,335177.82,,exact,partial_demand,False,demand_only,,0.05872680186995743
2021,Sulawesi Tenggara,Beras Medium I,,286790.36999999994,,exact,partial_demand,False,demand_only,,0.04911944499867635
2021,Sulawesi Utara,Beras Medium I,,276766.38,,exact,partial_demand,False,demand_only,,0.047129175844088704
2021,Sumatera Barat,Beras Medium I,,608581.4700000001,,exact,partial_demand,False,demand_only,,0.113011258592947
2021,Sumatera Selatan,Beras Medium I,,841957.5499999999,,exact,partial_demand,False,demand_only,,0.15934821757261294
2021,Sumatera Utara,Beras Medium I,,1581737.16,,exact,partial_demand,False,demand_only,,0.3062318975220032
2022,Aceh,Beras Medium I,869572.0,555848.7999999999,313723.20000000007,exact,high,True,full,0.14426831349475167,0.10254115571574439
2022,Bali,Beras Medium I,383829.16,499219.47000000003,-115390.31000000006,exact,high,True,full,0.06367780390005083,0.09129736868643118
2022,Banten,Beras Medium I,1018653.08,1266277.4,-247624.31999999995,exact,high,True,full,0.16900263630665016,0.24359717523660326
2022,Bengkulu,Beras Medium I,162197.49,210593.0,-48395.51000000001,exact,high,True,full,0.02690647603523955,0.033990412031594086
2022,DI Yogyakarta,Beras Medium I,319059.52,304788.89999999997,14270.620000000054,exact,high,True,full,0.052931750918878084,0.05269306379587394
2022,DKI Jakarta,Beras Medium I,1378.0,954613.2000000001,-953235.2000000001,exact,high,True,full,0.00022461150819908323,0.18171606363840348
2022,Gorontalo,Beras Medium I,134082.02,127325.5,6756.5199999999895,exact,high,True,full,0.02224178544547291,0.017457600563343625
2022,Jambi,Beras Medium I,160667.47,332004.85,-171337.37999999998,exact,high,True,full,0.026652627534888864,0.05809680679619617
2022,Jawa Barat,Beras Medium I,5447806.31,4806877.3,640929.0099999998,exact,high,True,full,0.9038517920424611,0.9465853834956051
2022,Jawa Tengah,Beras Medium I,5380509.51,3444874.39,1935635.1199999996,exact,high,True,full,0.8926864531851912,0.6761588986096833
2022,Jawa Timur,Beras Medium I,5500801.88,3716485.19,1784316.69,exact,high,True,full,0.912644386890718,0.730087383902753
2022,Kalimantan Barat,Beras Medium I,432586.93,539121.0,-106534.07,exact,high,True,full,0.07176729736741973,0.09921984111306509
2022,Kalimantan Selatan,Beras Medium I,484832.09,404660.88,80171.21000000002,exact,high,True,full,0.08043539027900373,0.07252270460772588
2022,Kalimantan Tengah,Beras Medium I,204291.82,260886.5,-56594.67999999999,exact,high,True,full,0.03389042562005999,0.04397621625987588
2022,Kalimantan Timur,Beras Medium I,139266.1,476690.92000000004,-337424.82000000007,exact,high,True,full,0.023101885923700643,0.08682431173380195
2022,Kalimantan Utara,Beras Medium I,18101.49,62499.96,-44398.47,exact,high,True,full,0.0029992372367057215,0.004586451181561669
2022,Kepulauan Bangka Belitung,Beras Medium I,36408.55,132128.16,-95719.61,exact,high,True,full,0.006036596046937004,0.018411171552338224
2022,Kepulauan Riau,Beras Medium I,290.07,180842.95,-180552.88,exact,high,True,full,4.411099252835741e-05,0.028083521974596765
2022,Lampung,Beras Medium I,1545296.21,858013.2899999999,687282.92,exact,high,True,full,0.2563789900605177,0.16253609426403814
2022,Maluku,Beras Medium I,51857.42,170062.78,-118205.36,exact,high,True,full,0.008599747170198615,0.02594311283290655
2022,Maluku Utara,Beras Medium I,13702.55,118696.32,-104993.77,exact,high,True,full,0.0022694008148728987,0.01574427176080245
2022,Nusa Tenggara Barat,Beras Medium I,827524.88,680854.68,146670.19999999995,exact,high,True,full,0.1372921966099623,0.12736114726662248
2022,Nusa Tenggara Timur,Beras Medium I,442841.89,641448.42,-198606.53000000003,exact,high,True,full,0.0734687170986365,0.1195370109919792
2022,Papua,Beras Medium I,110739.23,63771.84,46967.39,exact,high,True,full,0.018368939184965835,0.0048389837092614124
2022,Papua Barat,Beras Medium I,14398.76,47419.32000000001,-33020.560000000005,exact,high,True,full,0.0023849103274473436,0.0015921811729682032
2022,Riau,Beras Medium I,122561.42,585082.0800000001,-462520.6600000001,exact,high,True,full,0.020330380997727042,0.10834544078301048
2022,Sulawesi Barat,Beras Medium I,203031.6,171138.66,31892.940000000002,exact,high,True,full,0.033681340145940736,0.02615672944445921
2022,Sulawesi Selatan,Beras Medium I,3075859.99,989780.8500000001,2086079.1400000001,exact,high,True,full,0.5103177099753425,0.18869862138580093
2022,Sulawesi Tengah,Beras Medium I,439408.72,332021.72,107387.0,exact,high,True,full,0.07289911339675746,0.058100156344693114
2022,Sulawesi Tenggara,Beras Medium I,275055.53,284521.00999999995,-9465.479999999923,exact,high,True,full,0.04563096604616618,0.04866886222588278
2022,Sulawesi Utara,Beras Medium I,136960.27,284386.3,-147426.03,exact,high,True,full,0.02271932132483028,0.04864211547555537
2022,Sumatera Barat,Beras Medium I,795306.36,589655.7100000001,205650.6499999999,exact,high,True,full,0.1319467612656409,0.10925353772978484
2022,Sumatera Selatan,Beras Medium I,1593597.7,850886.0499999999,742711.65,exact,high,True,full,0.26439278125357646,0.1611209765385273
2022,Sumatera Utara,Beras Medium I,1198045.75,1569108.52,-371062.77,exact,high,True,full,0.19876601211442121,0.30372447356643345
2023,Aceh,Beras Medium I,808955.47,560349.6,248605.87,exact,high,True,full,0.1342113108170334,0.10343479222286064
2023,Bali,Beras Medium I,379869.53,520187.58,-140318.05,exact,high,True,full,0.06302085422786119,0.09546059935236371
2023,Banten,Beras Medium I,960504.4,1247471.3,-286966.9,exact,high,True,full,0.15935507927120485,0.2398632129373501
2023,Bengkulu,Beras Medium I,165120.08,211020.6,-45900.52000000002,exact,high,True,full,0.027391368447521686,0.03407531226498434
2023,DI Yogyakarta,Beras Medium I,303390.05,306301.5,-2911.4500000000116,exact,high,True,full,0.05033199963406475,0.05299339142222127
2023,DKI Jakarta,Beras Medium I,1576.37,959952.2000000001,-958375.8300000001,exact,high,True,full,0.0002575234485753959,0.18277612525222625
2023,Gorontalo,Beras Medium I,140390.0,135275.58000000002,5114.419999999984,exact,high,True,full,0.02328835428982928,0.01903609365845887
2023,Jambi,Beras Medium I,159624.9,327859.5,-168234.6,exact,high,True,full,0.026479652782264308,0.057273745097215036
2023,Jawa Barat,Beras Medium I,5278209.2,4786573.7,491635.5,exact,high,True,full,0.8757136160465196,0.9425540916839527
2023,Jawa Tengah,Beras Medium I,5223899.08,3387523.54,1836375.54,exact,high,True,full,0.8667029217315002,0.6647718533568066
2023,Jawa Timur,Beras Medium I,5607131.53,3716485.19,1890646.3400000003,exact,high,True,full,0.9302857394189945,0.730087383902753
2023,Kalimantan Barat,Beras Medium I,414286.15,542004.0,-127717.84999999998,exact,high,True,full,0.0687309804838183,0.09979226247149384
2023,Kalimantan Selatan,Beras Medium I,518040.84,403796.22000000003,114244.62,exact,high,True,full,0.08594511654795506,0.07235102585233948
2023,Kalimantan Tengah,Beras Medium I,196487.84,262309.0,-65821.16,exact,high,True,full,0.03259565259763757,0.0442586544778311
2023,Kalimantan Timur,Beras Medium I,132022.44,353784.04000000004,-221761.60000000003,exact,high,True,full,0.021900076647972045,0.0624210778767643
2023,Kalimantan Utara,Beras Medium I,13992.14,64972.98,-50980.840000000004,exact,high,True,full,0.0023174472372834262,0.005077470768041542
2023,Kepulauan Bangka Belitung,Beras Medium I,39398.13,130422.27999999998,-91024.15,exact,high,True,full,0.006532602896310482,0.018072468067455653
2023,Kepulauan Riau,Beras Medium I,185.41,39400.3,-39214.89,exact,high,True,full,2.6746654776757432e-05,0.0
2023,Lampung,Beras Medium I,1585385.58,874202.22,711183.3600000001,exact,high,True,full,0.26303029295492686,0.16575041590889003
2023,Maluku,Beras Medium I,44777.38,166909.82,-122132.44,exact,high,True,full,0.007425084396886578,0.025317090756502975
2023,Maluku Utara,Beras Medium I,14920.97,121718.68,-106797.70999999999,exact,high,True,full,0.0024715511722520735,0.016344363129814143
2023,Nusa Tenggara Barat,Beras Medium I,876273.53,684293.3400000001,191980.18999999994,exact,high,True,full,0.14538017696095157,0.12804389524732823
2023,Nusa Tenggara Timur,Beras Medium I,449144.5,632260.26,-183115.76,exact,high,True,full,0.07451439499617722,0.11771269637919365
2023,Papua,Beras Medium I,2147.17,63879.2,-61732.03,exact,high,True,full,0.0003522259518107607,0.004860300100881569
2023,Papua Barat,Beras Medium I,13559.26,48535.76,-34976.5,exact,high,True,full,0.0022456273010526546,0.0018138509965561992
2023,Papua Barat Daya,Beras Medium I,1440.2,,,exact,partial_supply,True,supply_only,0.00023493122736733778,
2023,Papua Pegunungan,Beras Medium I,35.19,,,exact,partial_supply,True,supply_only,1.8233716022366115e-06,
2023,Papua Selatan,Beras Medium I,104849.17,,,exact,partial_supply,True,supply_only,0.017391708235059578,
2023,Papua Tengah,Beras Medium I,5294.89,,,exact,partial_supply,True,supply_only,0.0008744701064779334,
2023,Riau,Beras Medium I,118208.51,593255.5199999999,-475047.0099999999,exact,high,True,full,0.019608181499902493,0.10996828213848595
2023,Sulawesi Barat,Beras Medium I,167391.99,178155.03999999998,-10763.049999999988,exact,high,True,full,0.02776830531529579,0.027549835851275836
2023,Sulawesi Selatan,Beras Medium I,2798247.6,1002212.88,1796034.7200000002,exact,high,True,full,0.46425851540254587,0.19116700830936215
2023,Sulawesi Tengah,Beras Medium I,484835.84,344014.89999999997,140820.94000000006,exact,high,True,full,0.08043601244856774,0.06048140934069746
2023,Sulawesi Tenggara,Beras Medium I,275313.62,296718.81999999995,-21405.199999999953,exact,high,True,full,0.04567378624423908,0.05109074462964824
2023,Sulawesi Utara,Beras Medium I,133848.82,292006.22000000003,-158157.40000000002,exact,high,True,full,0.022203094794186144,0.050155055107022055
2023,Sumatera Barat,Beras Medium I,858383.18,581967.12,276416.06000000006,exact,high,True,full,0.14241195529179107,0.10772696362912519
2023,Sumatera Selatan,Beras Medium I,1626734.93,836600.4500000001,790134.4799999999,exact,high,True,full,0.2698906415046031,0.15828456219306436
2023,Sumatera Utara,Beras Medium I,1197409.21,1559637.0399999998,-362227.82999999984,exact,high,True,full,0.19866040256394918,0.30184390559975605
2024,Aceh,Beras Medium I,956278.09,,,exact,partial_supply,True,supply_only,0.15865388421786103,
2024,Bali,Beras Medium I,358378.78,,,exact,partial_supply,True,supply_only,0.05945528341250483,
2024,Banten,Beras Medium I,883128.02,,,exact,partial_supply,True,supply_only,0.1465174183088874,
2024,Bengkulu,Beras Medium I,157151.04,,,exact,partial_supply,True,supply_only,0.02606921000957013,
2024,DI Yogyakarta,Beras Medium I,257219.86,,,exact,partial_supply,True,supply_only,0.04267181643880826,
2024,DKI Jakarta,Beras Medium I,1359.57,,,exact,partial_supply,True,supply_only,0.0002215537521818657,
2024,Gorontalo,Beras Medium I,131138.53,,,exact,partial_supply,True,supply_only,0.02175342547482073,
2024,Jambi,Beras Medium I,162563.9,,,exact,partial_supply,True,supply_only,0.026967267808558522,
2024,Jawa Barat,Beras Medium I,4981868.86,,,exact,partial_supply,True,supply_only,0.8265472320107469,
2024,Jawa Tengah,Beras Medium I,5113021.6,,,exact,partial_supply,True,supply_only,0.8483070301610217,
2024,Jawa Timur,Beras Medium I,5352936.04,,,exact,partial_supply,True,supply_only,0.8881116868364085,
2024,Kalimantan Barat,Beras Medium I,452439.81,,,exact,partial_supply,True,supply_only,0.07506112608576469,
2024,Kalimantan Selatan,Beras Medium I,609172.41,,,exact,partial_supply,True,supply_only,0.10106492699429155,
2024,Kalimantan Tengah,Beras Medium I,217495.56,,,exact,partial_supply,True,supply_only,0.0360810829957939,
2024,Kalimantan Timur,Beras Medium I,145209.36,,,exact,partial_supply,True,supply_only,0.024087943385821545,
2024,Kalimantan Utara,Beras Medium I,17832.41,,,exact,partial_supply,True,supply_only,0.0029545936670305776,
2024,Kepulauan Bangka Belitung,Beras Medium I,45930.55,,,exact,partial_supply,True,supply_only,0.00761640900385211,
2024,Kepulauan Riau,Beras Medium I,174.59,,,exact,partial_supply,True,supply_only,2.4951488194755603e-05,
2024,Lampung,Beras Medium I,1604614.06,,,exact,partial_supply,True,supply_only,0.2662205262930683,
2024,Maluku,Beras Medium I,51031.04,,,exact,partial_supply,True,supply_only,0.008462640907718517,
2024,Maluku Utara,Beras Medium I,17478.19,,,exact,partial_supply,True,supply_only,0.0028958243595743217,
2024,Nusa Tenggara Barat,Beras Medium I,827788.45,,,exact,partial_supply,True,supply_only,0.13733592600515807,
2024,Nusa Tenggara Timur,Beras Medium I,414576.01,,,exact,partial_supply,True,supply_only,0.06877907170243744,
2024,Papua,Beras Medium I,2632.19,,,exact,partial_supply,True,supply_only,0.00043269653365942323,
2024,Papua Barat,Beras Medium I,12455.13,,,exact,partial_supply,True,supply_only,0.0020624390128654376,
2024,Papua Barat Daya,Beras Medium I,594.02,,,exact,partial_supply,True,supply_only,9.453990958930536e-05,
2024,Papua Pegunungan,Beras Medium I,24.2,,,exact,partial_supply,True,supply_only,0.0,
2024,Papua Selatan,Beras Medium I,124355.12,,,exact,partial_supply,True,supply_only,0.02062797714358071,
2024,Papua Tengah,Beras Medium I,3467.26,,,exact,partial_supply,True,supply_only,0.000571244570409171,
2024,Riau,Beras Medium I,127438.73,,,exact,partial_supply,True,supply_only,0.021139584687381696,
2024,Sulawesi Barat,Beras Medium I,183138.8,,,exact,partial_supply,True,supply_only,0.03038088822519711,
2024,Sulawesi Selatan,Beras Medium I,2764990.01,,,exact,partial_supply,True,supply_only,0.4587406859971929,
2024,Sulawesi Tengah,Beras Medium I,449754.96,,,exact,partial_supply,True,supply_only,0.07461567756472148,
2024,Sulawesi Tenggara,Beras Medium I,319205.15,,,exact,partial_supply,True,supply_only,0.05295591266650627,
2024,Sulawesi Utara,Beras Medium I,153483.66,,,exact,partial_supply,True,supply_only,0.025460748085401746,
2024,Sumatera Barat,Beras Medium I,785425.72,,,exact,partial_supply,True,supply_only,0.13030744567074343,
2024,Sumatera Selatan,Beras Medium I,1670744.56,,,exact,partial_supply,True,supply_only,0.2771923621203393,
2024,Sumatera Utara,Beras Medium I,1264752.48,,,exact,partial_supply,True,supply_only,0.20983345134645626,
2025,Aceh,Beras Medium I,930489.0,,,exact,partial_supply,True,supply_only,0.1543751677161755,
2025,Bali,Beras Medium I,331531.0,,,exact,partial_supply,True,supply_only,0.05500091765862893,
2025,Banten,Beras Medium I,1010357.0,,,exact,partial_supply,True,supply_only,0.16762621804624225,
2025,Bengkulu,Beras Medium I,153533.0,,,exact,partial_supply,True,supply_only,0.025468934177745182,
2025,DI Yogyakarta,Beras Medium I,311000.0,,,exact,partial_supply,True,supply_only,0.05159458077368627,
2025,DKI Jakarta,Beras Medium I,877.0,,,exact,partial_supply,True,supply_only,0.00014148965444835145,
2025,Gorontalo,Beras Medium I,156995.0,,,exact,partial_supply,True,supply_only,0.026043321119232275,
2025,Jambi,Beras Medium I,212757.0,,,exact,partial_supply,True,supply_only,0.03529489958000734,
2025,Jawa Barat,Beras Medium I,5905710.0,,,exact,partial_supply,True,supply_only,0.9798234558191088,
2025,Jawa Tengah,Beras Medium I,5350386.0,,,exact,partial_supply,True,supply_only,0.8876886048964114,
2025,Jawa Timur,Beras Medium I,6027320.0,,,exact,partial_supply,True,supply_only,1.0,
2025,Kalimantan Barat,Beras Medium I,448325.0,,,exact,partial_supply,True,supply_only,0.07437843020745721,
2025,Kalimantan Selatan,Beras Medium I,697788.0,,,exact,partial_supply,True,supply_only,0.11576730645939097,
2025,Kalimantan Tengah,Beras Medium I,198061.0,,,exact,partial_supply,True,supply_only,0.03285665853665254,
2025,Kalimantan Timur,Beras Medium I,157555.0,,,exact,partial_supply,True,supply_only,0.026136231774123313,
2025,Kalimantan Utara,Beras Medium I,22550.0,,,exact,partial_supply,True,supply_only,0.0037372979106152383,
2025,Kepulauan Bangka Belitung,Beras Medium I,38115.0,,,exact,partial_supply,True,supply_only,0.00631971638093488,
2025,Kepulauan Riau,Beras Medium I,394.0,,,exact,partial_supply,True,supply_only,6.135421460483158e-05,
2025,Lampung,Beras Medium I,1869782.0,,,exact,partial_supply,True,supply_only,0.3102150387243314,
2025,Maluku,Beras Medium I,58139.0,,,exact,partial_supply,True,supply_only,0.009641935940824409,
2025,Maluku Utara,Beras Medium I,12670.0,,,exact,partial_supply,True,supply_only,0.0020980884993233614,
2025,Nusa Tenggara Barat,Beras Medium I,973144.0,,,exact,partial_supply,True,supply_only,0.16145213911684905,
2025,Nusa Tenggara Timur,Beras Medium I,567178.0,,,exact,partial_supply,True,supply_only,0.0940975553248938,
2025,Papua,Beras Medium I,1061.0,,,exact,partial_supply,True,supply_only,0.00017201744105540664,
2025,Papua Barat,Beras Medium I,8031.0,,,exact,partial_supply,True,supply_only,0.001328423270681356,
2025,Papua Barat Daya,Beras Medium I,499.0,,,exact,partial_supply,True,supply_only,7.877496239690112e-05,
2025,Papua Pegunungan,Beras Medium I,198.0,,,exact,partial_supply,True,supply_only,2.8835485392968438e-05,
2025,Papua Selatan,Beras Medium I,207007.0,,,exact,partial_supply,True,supply_only,0.03434090624853686,
2025,Papua Tengah,Beras Medium I,2173.0,,,exact,partial_supply,True,supply_only,0.0003565114557676098,
2025,Riau,Beras Medium I,133187.0,,,exact,partial_supply,True,supply_only,0.02209329099129331,
2025,Sulawesi Barat,Beras Medium I,221738.0,,,exact,partial_supply,True,supply_only,0.03678495420782235,
2025,Sulawesi Selatan,Beras Medium I,3136929.0,,,exact,partial_supply,True,supply_only,0.5204497844622127,
2025,Sulawesi Tengah,Beras Medium I,543107.0,,,exact,partial_supply,True,supply_only,0.0901038903715328,
2025,Sulawesi Tenggara,Beras Medium I,390981.0,,,exact,partial_supply,True,supply_only,0.06486437914661497,
2025,Sulawesi Utara,Beras Medium I,148975.0,,,exact,partial_supply,True,supply_only,0.024712707811685632,
2025,Sumatera Barat,Beras Medium I,800613.0,,,exact,partial_supply,True,supply_only,0.13282719590433906,
2025,Sumatera Selatan,Beras Medium I,2082836.0,,,exact,partial_supply,True,supply_only,0.3455632292013941,
2025,Sumatera Utara,Beras Medium I,1578968.0,,,exact,partial_supply,True,supply_only,0.26196554016811324,
2018,Aceh,Beras Medium II,,580040.6,,exact,partial_demand,False,demand_only,,0.1073444519414942
2018,Bali,Beras Medium II,,537586.65,,exact,partial_demand,False,demand_only,,0.098915195011329
2018,Banten,Beras Medium II,,1268784.88,,exact,partial_demand,False,demand_only,,0.2440950368765037
2018,Bengkulu,Beras Medium II,,220855.4,,exact,partial_demand,False,demand_only,,0.03602801763296044
2018,DI Yogyakarta,Beras Medium II,,334284.60000000003,,exact,partial_demand,False,demand_only,,0.058549452509646736
2018,DKI Jakarta,Beras Medium II,,1013342.2000000001,,exact,partial_demand,False,demand_only,,0.19337674139045416
2018,Gorontalo,Beras Medium II,,134033.38,,exact,partial_demand,False,demand_only,,0.01878945411234711
2018,Jambi,Beras Medium II,,347078.85,,exact,partial_demand,False,demand_only,,0.06108975842885486
2018,Jawa Barat,Beras Medium II,,5075900.0,,exact,partial_demand,False,demand_only,,1.0
2018,Jawa Tengah,Beras Medium II,,3425757.44,,exact,partial_demand,False,demand_only,,0.6723632168587244
2018,Jawa Timur,Beras Medium II,,3775410.2100000004,,exact,partial_demand,False,demand_only,,0.7417869815419627
2018,Kalimantan Barat,Beras Medium II,,539121.0,,exact,partial_demand,False,demand_only,,0.09921984111306509
2018,Kalimantan Selatan,Beras Medium II,,420224.76,,exact,partial_demand,False,demand_only,,0.07561292220468116
2018,Kalimantan Tengah,Beras Medium II,,258326.0,,exact,partial_demand,False,demand_only,,0.04346782746755649
2018,Kalimantan Timur,Beras Medium II,,483519.08,,exact,partial_demand,False,demand_only,,0.08818004694808182
2018,Kalimantan Utara,Beras Medium II,,64823.1,,exact,partial_demand,False,demand_only,,0.00504771200522458
2018,Kepulauan Bangka Belitung,Beras Medium II,,138331.36,,exact,partial_demand,False,demand_only,,0.019642820588274826
2018,Kepulauan Riau,Beras Medium II,,197444.2,,exact,partial_demand,False,demand_only,,0.03137970999978418
2018,Lampung,Beras Medium II,,853251.84,,exact,partial_demand,False,demand_only,,0.16159070554496408
2018,Maluku,Beras Medium II,,158830.36,,exact,partial_demand,False,demand_only,,0.0237129091857188
2018,Maluku Utara,Beras Medium II,,148233.02,,exact,partial_demand,False,demand_only,,0.0216088010488713
2018,Nusa Tenggara Barat,Beras Medium II,,687732.0,,exact,partial_demand,False,demand_only,,0.12872664322803393
2018,Nusa Tenggara Timur,Beras Medium II,,650636.5800000001,,exact,partial_demand,False,demand_only,,0.12136132560476476
2018,Papua,Beras Medium II,,65489.59999999999,,exact,partial_demand,False,demand_only,,0.005180045975183913
2018,Papua Barat,Beras Medium II,,50886.159999999996,,exact,partial_demand,False,demand_only,,0.002280524309373034
2018,Riau,Beras Medium II,,608921.28,,exact,partial_demand,False,demand_only,,0.11307872806981403
2018,Sulawesi Barat,Beras Medium II,,175562.03,,exact,partial_demand,False,demand_only,,0.02703499217919143
2018,Sulawesi Selatan,Beras Medium II,,1022295.3900000001,,exact,partial_demand,False,demand_only,,0.1951544025704995
2018,Sulawesi Tengah,Beras Medium II,,351589.54,,exact,partial_demand,False,demand_only,,0.06198535860133179
2018,Sulawesi Tenggara,Beras Medium II,,300122.86,,exact,partial_demand,False,demand_only,,0.051766618788838606
2018,Sulawesi Utara,Beras Medium II,,295816.18,,exact,partial_demand,False,demand_only,,0.05091152492275538
2018,Sumatera Barat,Beras Medium II,,606215.75,,exact,partial_demand,False,demand_only,,0.11254154348505171
2018,Sumatera Selatan,Beras Medium II,,833029.0499999999,,exact,partial_demand,False,demand_only,,0.15757545860669858
2018,Sumatera Utara,Beras Medium II,,1632251.72,,exact,partial_demand,False,demand_only,,0.31626159334428233
2019,Aceh,Beras Medium II,,567663.4,,exact,partial_demand,False,demand_only,,0.10488695154692454
2019,Bali,Beras Medium II,,531340.83,,exact,partial_demand,False,demand_only,,0.09767508374913632
2019,Banten,Beras Medium II,,1243710.08,,exact,partial_demand,False,demand_only,,0.23911642047749948
2019,Bengkulu,Beras Medium II,,216365.6,,exact,partial_demand,False,demand_only,,0.03513656518236266
2019,DI Yogyakarta,Beras Medium II,,315377.10000000003,,exact,partial_demand,False,demand_only,,0.05479535718030521
2019,DKI Jakarta,Beras Medium II,,1005867.6,,exact,partial_demand,False,demand_only,,0.19189265513110224
2019,Gorontalo,Beras Medium II,,134157.6,,exact,partial_demand,False,demand_only,,0.018814118066958287
2019,Jambi,Beras Medium II,,337280.75,,exact,partial_demand,False,demand_only,,0.05914433986762672
2019,Jawa Barat,Beras Medium II,,4908395.3,,exact,partial_demand,False,demand_only,,0.9667418425538673
2019,Jawa Tengah,Beras Medium II,,3391346.93,,exact,partial_demand,False,demand_only,,0.6655309897069983
2019,Jawa Timur,Beras Medium II,,3699649.4700000007,,exact,partial_demand,False,demand_only,,0.7267446417201218
2019,Kalimantan Barat,Beras Medium II,,539697.6,,exact,partial_demand,False,demand_only,,0.09933432538475083
2019,Kalimantan Selatan,Beras Medium II,,415469.13,,exact,partial_demand,False,demand_only,,0.07466868905005594
2019,Kalimantan Tengah,Beras Medium II,,251213.5,,exact,partial_demand,False,demand_only,,0.042055636377780384
2019,Kalimantan Timur,Beras Medium II,,471143.04000000004,,exact,partial_demand,False,demand_only,,0.08572277687219956
2019,Kalimantan Utara,Beras Medium II,,64898.03999999999,,exact,partial_demand,False,demand_only,,0.00506259138663306
2019,Kepulauan Bangka Belitung,Beras Medium II,,136315.32,,exact,partial_demand,False,demand_only,,0.019242534651595432
2019,Kepulauan Riau,Beras Medium II,,192574.5,,exact,partial_demand,False,demand_only,,0.030412828179062535
2019,Lampung,Beras Medium II,,844681.23,,exact,partial_demand,False,demand_only,,0.15988900585063073
2019,Maluku,Beras Medium II,,164150.97999999998,,exact,partial_demand,False,demand_only,,0.024769321439649838
2019,Maluku Utara,Beras Medium II,,111140.42,,exact,partial_demand,False,demand_only,,0.014244043338273204
2019,Nusa Tenggara Barat,Beras Medium II,,695755.54,,exact,partial_demand,False,demand_only,,0.13031972184968063
2019,Nusa Tenggara Timur,Beras Medium II,,633983.04,,exact,partial_demand,False,demand_only,,0.11805475536909095
2019,Papua,Beras Medium II,,63664.47999999999,,exact,partial_demand,False,demand_only,,0.004817667317641255
2019,Papua Barat,Beras Medium II,,50651.12,,exact,partial_demand,False,demand_only,,0.0022338569780913516
2019,Riau,Beras Medium II,,606196.7999999999,,exact,partial_demand,False,demand_only,,0.11253778095132218
2019,Sulawesi Barat,Beras Medium II,,175714.56,,exact,partial_demand,False,demand_only,,0.02706527710107875
2019,Sulawesi Selatan,Beras Medium II,,994562.4,,exact,partial_demand,False,demand_only,,0.189648000971786
2019,Sulawesi Tengah,Beras Medium II,,337071.48,,exact,partial_demand,False,demand_only,,0.059102789185116
2019,Sulawesi Tenggara,Beras Medium II,,293314.77999999997,,exact,partial_demand,False,demand_only,,0.05041487047045788
2019,Sulawesi Utara,Beras Medium II,,288196.26,,exact,partial_demand,False,demand_only,,0.04939858529128871
2019,Sumatera Barat,Beras Medium II,,592612.86,,exact,partial_demand,False,demand_only,,0.1098406816146539
2019,Sumatera Selatan,Beras Medium II,,828564.7999999999,,exact,partial_demand,False,demand_only,,0.15668907912374141
2019,Sumatera Utara,Beras Medium II,,1581737.16,,exact,partial_demand,False,demand_only,,0.3062318975220032
2020,Aceh,Beras Medium II,,568226.0,,exact,partial_demand,False,demand_only,,0.10499865611031406
2020,Bali,Beras Medium II,,521525.97000000003,,exact,partial_demand,False,demand_only,,0.09572633747997643
2020,Banten,Beras Medium II,,1262516.18,,exact,partial_demand,False,demand_only,,0.24285038277675264
2020,Bengkulu,Beras Medium II,,212731.0,,exact,partial_demand,False,demand_only,,0.034414913198545415
2020,DI Yogyakarta,Beras Medium II,,310839.3,,exact,partial_demand,False,demand_only,,0.05389437430126323
2020,DKI Jakarta,Beras Medium II,,995189.6,,exact,partial_demand,False,demand_only,,0.18977253190345666
2020,Gorontalo,Beras Medium II,,134157.6,,exact,partial_demand,False,demand_only,,0.018814118066958287
2020,Jambi,Beras Medium II,,339165.0,,exact,partial_demand,False,demand_only,,0.05951845882170905
2020,Jawa Barat,Beras Medium II,,4938850.7,,exact,partial_demand,False,demand_only,,0.9727887802713461
2020,Jawa Tengah,Beras Medium II,,3379876.7600000002,,exact,partial_demand,False,demand_only,,0.663253580656423
2020,Jawa Timur,Beras Medium II,,3649142.3100000005,,exact,partial_demand,False,demand_only,,0.7167164151722277
2020,Kalimantan Barat,Beras Medium II,,531625.2000000001,,exact,partial_demand,False,demand_only,,0.09773154558115035
2020,Kalimantan Selatan,Beras Medium II,,412010.49,,exact,partial_demand,False,demand_only,,0.07398197402851031
2020,Kalimantan Tengah,Beras Medium II,,252920.50000000003,,exact,partial_demand,False,demand_only,,0.04239456223932665
2020,Kalimantan Timur,Beras Medium II,,482665.56,,exact,partial_demand,False,demand_only,,0.08801058004629683
2020,Kalimantan Utara,Beras Medium II,,63024.53999999999,,exact,partial_demand,False,demand_only,,0.004690606851421035
2020,Kepulauan Bangka Belitung,Beras Medium II,,132438.32,,exact,partial_demand,False,demand_only,,0.018472754004135054
2020,Kepulauan Riau,Beras Medium II,,180178.90000000002,,exact,partial_demand,False,demand_only,,0.027951674453589273
2020,Lampung,Beras Medium II,,841824.36,,exact,partial_demand,False,demand_only,,0.15932177261918629
2020,Maluku,Beras Medium II,,161589.19999999998,,exact,partial_demand,False,demand_only,,0.02426067850257193
2020,Maluku Utara,Beras Medium II,,112239.46,,exact,partial_demand,False,demand_only,,0.014462258381550186
2020,Nusa Tenggara Barat,Beras Medium II,,665380.71,,exact,partial_demand,False,demand_only,,0.1242887813534467
2020,Papua,Beras Medium II,,65596.95999999999,,exact,partial_demand,False,demand_only,,0.00520136236680407
2020,Papua Barat,Beras Medium II,,51121.200000000004,,exact,partial_demand,False,demand_only,,0.002327191640654719
2020,Riau,Beras Medium II,,597342.24,,exact,partial_demand,False,demand_only,,0.11077970281622372
2020,Sulawesi Barat,Beras Medium II,,170681.07,,exact,partial_demand,False,demand_only,,0.026065874678797264
2020,Sulawesi Selatan,Beras Medium II,,984999.3,,exact,partial_demand,False,demand_only,,0.18774924179981584
2020,Sulawesi Tengah,Beras Medium II,,340543.19,,exact,partial_demand,False,demand_only,,0.05979209926290674
2020,Sulawesi Tenggara,Beras Medium II,,290194.41,,exact,partial_demand,False,demand_only,,0.04979531915786672
2020,Sulawesi Utara,Beras Medium II,,289012.68,,exact,partial_demand,False,demand_only,,0.04956068596608871
2020,Sumatera Barat,Beras Medium II,,579009.9700000001,,exact,partial_demand,False,demand_only,,0.10713981974425613
2020,Sumatera Selatan,Beras Medium II,,821422.0,,exact,partial_demand,False,demand_only,,0.15527087195100994
2020,Sumatera Utara,Beras Medium II,,1551744.14,,exact,partial_demand,False,demand_only,,0.300276765627525
2021,Aceh,Beras Medium II,,579478.0,,exact,partial_demand,False,demand_only,,0.10723274737810466
2021,Bali,Beras Medium II,,493865.91000000003,,exact,partial_demand,False,demand_only,,0.09023441617598033
2021,Banten,Beras Medium II,,1267531.14,,exact,partial_demand,False,demand_only,,0.2438461060565535
2021,Bengkulu,Beras Medium II,,213372.4,,exact,partial_demand,False,demand_only,,0.034542263548630804
2021,DI Yogyakarta,Beras Medium II,,307814.10000000003,,exact,partial_demand,False,demand_only,,0.0532937190485686
2021,DKI Jakarta,Beras Medium II,,1000528.6,,exact,partial_demand,False,demand_only,,0.19083259351727944
2021,Gorontalo,Beras Medium II,,127822.38,,exact,partial_demand,False,demand_only,,0.01755625638178833
2021,Jambi,Beras Medium II,,338034.45,,exact,partial_demand,False,demand_only,,0.05929398744925966
2021,Jawa Barat,Beras Medium II,,4903319.399999999,,exact,partial_demand,False,demand_only,,0.9657340196009541
2021,Jawa Tengah,Beras Medium II,,3483108.29,,exact,partial_demand,False,demand_only,,0.6837502621116011
2021,Jawa Timur,Beras Medium II,,3712276.2600000002,,exact,partial_demand,False,demand_only,,0.7292516983570951
2021,Kalimantan Barat,Beras Medium II,,539121.0,,exact,partial_demand,False,demand_only,,0.09921984111306509
2021,Kalimantan Selatan,Beras Medium II,,415469.13,,exact,partial_demand,False,demand_only,,0.07466868905005594
2021,Kalimantan Tengah,Beras Medium II,,258610.50000000003,,exact,partial_demand,False,demand_only,,0.04352431511114753
2021,Kalimantan Timur,Beras Medium II,,477971.20000000007,,exact,partial_demand,False,demand_only,,0.08707851208647943
2021,Kalimantan Utara,Beras Medium II,,64673.219999999994,,exact,partial_demand,False,demand_only,,0.005017953242407617
2021,Kepulauan Bangka Belitung,Beras Medium II,,135229.76,,exact,partial_demand,False,demand_only,,0.01902699607030653
2021,Kepulauan Riau,Beras Medium II,,174423.8,,exact,partial_demand,False,demand_only,,0.02680899593819096
2021,Lampung,Beras Medium II,,867536.19,,exact,partial_demand,False,demand_only,,0.1644268717021863
2021,Maluku,Beras Medium II,,164742.15999999997,,exact,partial_demand,False,demand_only,,0.024886700578975508
2021,Maluku Utara,Beras Medium II,,118146.8,,exact,partial_demand,False,demand_only,,0.015635164239163956
2021,Nusa Tenggara Barat,Beras Medium II,,680854.68,,exact,partial_demand,False,demand_only,,0.12736114726662248
2021,Nusa Tenggara Timur,Beras Medium II,,643171.2000000001,,exact,partial_demand,False,demand_only,,0.1198790699818765
2021,Papua,Beras Medium II,,64415.99999999999,,exact,partial_demand,False,demand_only,,0.00496688205898235
2021,Papua Barat,Beras Medium II,,49123.36,,exact,partial_demand,False,demand_only,,0.001930519324760408
2021,Riau,Beras Medium II,,602110.0800000001,,exact,partial_demand,False,demand_only,,0.11172636027358446
2021,Sulawesi Barat,Beras Medium II,,170986.12999999998,,exact,partial_demand,False,demand_only,,0.026126444522571887
2021,Sulawesi Selatan,Beras Medium II,,1006038.1200000001,,exact,partial_demand,False,demand_only,,0.19192651197815022
2021,Sulawesi Tengah,Beras Medium II,,335177.82,,exact,partial_demand,False,demand_only,,0.05872680186995743
2021,Sulawesi Tenggara,Beras Medium II,,286790.36999999994,,exact,partial_demand,False,demand_only,,0.04911944499867635
2021,Sulawesi Utara,Beras Medium II,,276766.38,,exact,partial_demand,False,demand_only,,0.047129175844088704
2021,Sumatera Barat,Beras Medium II,,608581.4700000001,,exact,partial_demand,False,demand_only,,0.113011258592947
2021,Sumatera Selatan,Beras Medium II,,841957.5499999999,,exact,partial_demand,False,demand_only,,0.15934821757261294
2021,Sumatera Utara,Beras Medium II,,1581737.16,,exact,partial_demand,False,demand_only,,0.3062318975220032
2022,Aceh,Beras Medium II,869572.0,555848.7999999999,313723.20000000007,exact,high,True,full,0.14426831349475167,0.10254115571574439
2022,Bali,Beras Medium II,383829.16,499219.47000000003,-115390.31000000006,exact,high,True,full,0.06367780390005083,0.09129736868643118
2022,Banten,Beras Medium II,1018653.08,1266277.4,-247624.31999999995,exact,high,True,full,0.16900263630665016,0.24359717523660326
2022,Bengkulu,Beras Medium II,162197.49,210593.0,-48395.51000000001,exact,high,True,full,0.02690647603523955,0.033990412031594086
2022,DI Yogyakarta,Beras Medium II,319059.52,304788.89999999997,14270.620000000054,exact,high,True,full,0.052931750918878084,0.05269306379587394
2022,DKI Jakarta,Beras Medium II,1378.0,954613.2000000001,-953235.2000000001,exact,high,True,full,0.00022461150819908323,0.18171606363840348
2022,Gorontalo,Beras Medium II,134082.02,127325.5,6756.5199999999895,exact,high,True,full,0.02224178544547291,0.017457600563343625
2022,Jambi,Beras Medium II,160667.47,332004.85,-171337.37999999998,exact,high,True,full,0.026652627534888864,0.05809680679619617
2022,Jawa Barat,Beras Medium II,5447806.31,4806877.3,640929.0099999998,exact,high,True,full,0.9038517920424611,0.9465853834956051
2022,Jawa Tengah,Beras Medium II,5380509.51,3444874.39,1935635.1199999996,exact,high,True,full,0.8926864531851912,0.6761588986096833
2022,Jawa Timur,Beras Medium II,5500801.88,3716485.19,1784316.69,exact,high,True,full,0.912644386890718,0.730087383902753
2022,Kalimantan Barat,Beras Medium II,432586.93,539121.0,-106534.07,exact,high,True,full,0.07176729736741973,0.09921984111306509
2022,Kalimantan Selatan,Beras Medium II,484832.09,404660.88,80171.21000000002,exact,high,True,full,0.08043539027900373,0.07252270460772588
2022,Kalimantan Tengah,Beras Medium II,204291.82,260886.5,-56594.67999999999,exact,high,True,full,0.03389042562005999,0.04397621625987588
2022,Kalimantan Timur,Beras Medium II,139266.1,476690.92000000004,-337424.82000000007,exact,high,True,full,0.023101885923700643,0.08682431173380195
2022,Kalimantan Utara,Beras Medium II,18101.49,62499.96,-44398.47,exact,high,True,full,0.0029992372367057215,0.004586451181561669
2022,Kepulauan Bangka Belitung,Beras Medium II,36408.55,132128.16,-95719.61,exact,high,True,full,0.006036596046937004,0.018411171552338224
2022,Kepulauan Riau,Beras Medium II,290.07,180842.95,-180552.88,exact,high,True,full,4.411099252835741e-05,0.028083521974596765
2022,Lampung,Beras Medium II,1545296.21,858013.2899999999,687282.92,exact,high,True,full,0.2563789900605177,0.16253609426403814
2022,Maluku,Beras Medium II,51857.42,170062.78,-118205.36,exact,high,True,full,0.008599747170198615,0.02594311283290655
2022,Maluku Utara,Beras Medium II,13702.55,118696.32,-104993.77,exact,high,True,full,0.0022694008148728987,0.01574427176080245
2022,Nusa Tenggara Barat,Beras Medium II,827524.88,680854.68,146670.19999999995,exact,high,True,full,0.1372921966099623,0.12736114726662248
2022,Nusa Tenggara Timur,Beras Medium II,442841.89,641448.42,-198606.53000000003,exact,high,True,full,0.0734687170986365,0.1195370109919792
2022,Papua,Beras Medium II,110739.23,63771.84,46967.39,exact,high,True,full,0.018368939184965835,0.0048389837092614124
2022,Papua Barat,Beras Medium II,14398.76,47419.32000000001,-33020.560000000005,exact,high,True,full,0.0023849103274473436,0.0015921811729682032
2022,Riau,Beras Medium II,122561.42,585082.0800000001,-462520.6600000001,exact,high,True,full,0.020330380997727042,0.10834544078301048
2022,Sulawesi Barat,Beras Medium II,203031.6,171138.66,31892.940000000002,exact,high,True,full,0.033681340145940736,0.02615672944445921
2022,Sulawesi Selatan,Beras Medium II,3075859.99,989780.8500000001,2086079.1400000001,exact,high,True,full,0.5103177099753425,0.18869862138580093
2022,Sulawesi Tengah,Beras Medium II,439408.72,332021.72,107387.0,exact,high,True,full,0.07289911339675746,0.058100156344693114
2022,Sulawesi Tenggara,Beras Medium II,275055.53,284521.00999999995,-9465.479999999923,exact,high,True,full,0.04563096604616618,0.04866886222588278
2022,Sulawesi Utara,Beras Medium II,136960.27,284386.3,-147426.03,exact,high,True,full,0.02271932132483028,0.04864211547555537
2022,Sumatera Barat,Beras Medium II,795306.36,589655.7100000001,205650.6499999999,exact,high,True,full,0.1319467612656409,0.10925353772978484
2022,Sumatera Selatan,Beras Medium II,1593597.7,850886.0499999999,742711.65,exact,high,True,full,0.26439278125357646,0.1611209765385273
2022,Sumatera Utara,Beras Medium II,1198045.75,1569108.52,-371062.77,exact,high,True,full,0.19876601211442121,0.30372447356643345
2023,Aceh,Beras Medium II,808955.47,560349.6,248605.87,exact,high,True,full,0.1342113108170334,0.10343479222286064
2023,Bali,Beras Medium II,379869.53,520187.58,-140318.05,exact,high,True,full,0.06302085422786119,0.09546059935236371
2023,Banten,Beras Medium II,960504.4,1247471.3,-286966.9,exact,high,True,full,0.15935507927120485,0.2398632129373501
2023,Bengkulu,Beras Medium II,165120.08,211020.6,-45900.52000000002,exact,high,True,full,0.027391368447521686,0.03407531226498434
2023,DI Yogyakarta,Beras Medium II,303390.05,306301.5,-2911.4500000000116,exact,high,True,full,0.05033199963406475,0.05299339142222127
2023,DKI Jakarta,Beras Medium II,1576.37,959952.2000000001,-958375.8300000001,exact,high,True,full,0.0002575234485753959,0.18277612525222625
2023,Gorontalo,Beras Medium II,140390.0,135275.58000000002,5114.419999999984,exact,high,True,full,0.02328835428982928,0.01903609365845887
2023,Jambi,Beras Medium II,159624.9,327859.5,-168234.6,exact,high,True,full,0.026479652782264308,0.057273745097215036
2023,Jawa Barat,Beras Medium II,5278209.2,4786573.7,491635.5,exact,high,True,full,0.8757136160465196,0.9425540916839527
2023,Jawa Tengah,Beras Medium II,5223899.08,3387523.54,1836375.54,exact,high,True,full,0.8667029217315002,0.6647718533568066
2023,Jawa Timur,Beras Medium II,5607131.53,3716485.19,1890646.3400000003,exact,high,True,full,0.9302857394189945,0.730087383902753
2023,Kalimantan Barat,Beras Medium II,414286.15,542004.0,-127717.84999999998,exact,high,True,full,0.0687309804838183,0.09979226247149384
2023,Kalimantan Selatan,Beras Medium II,518040.84,403796.22000000003,114244.62,exact,high,True,full,0.08594511654795506,0.07235102585233948
2023,Kalimantan Tengah,Beras Medium II,196487.84,262309.0,-65821.16,exact,high,True,full,0.03259565259763757,0.0442586544778311
2023,Kalimantan Timur,Beras Medium II,132022.44,353784.04000000004,-221761.60000000003,exact,high,True,full,0.021900076647972045,0.0624210778767643
2023,Kalimantan Utara,Beras Medium II,13992.14,64972.98,-50980.840000000004,exact,high,True,full,0.0023174472372834262,0.005077470768041542
2023,Kepulauan Bangka Belitung,Beras Medium II,39398.13,130422.27999999998,-91024.15,exact,high,True,full,0.006532602896310482,0.018072468067455653
2023,Kepulauan Riau,Beras Medium II,185.41,39400.3,-39214.89,exact,high,True,full,2.6746654776757432e-05,0.0
2023,Lampung,Beras Medium II,1585385.58,874202.22,711183.3600000001,exact,high,True,full,0.26303029295492686,0.16575041590889003
2023,Maluku,Beras Medium II,44777.38,166909.82,-122132.44,exact,high,True,full,0.007425084396886578,0.025317090756502975
2023,Maluku Utara,Beras Medium II,14920.97,121718.68,-106797.70999999999,exact,high,True,full,0.0024715511722520735,0.016344363129814143
2023,Nusa Tenggara Barat,Beras Medium II,876273.53,684293.3400000001,191980.18999999994,exact,high,True,full,0.14538017696095157,0.12804389524732823
2023,Nusa Tenggara Timur,Beras Medium II,449144.5,632260.26,-183115.76,exact,high,True,full,0.07451439499617722,0.11771269637919365
2023,Papua,Beras Medium II,2147.17,63879.2,-61732.03,exact,high,True,full,0.0003522259518107607,0.004860300100881569
2023,Papua Barat,Beras Medium II,13559.26,48535.76,-34976.5,exact,high,True,full,0.0022456273010526546,0.0018138509965561992
2023,Papua Barat Daya,Beras Medium II,1440.2,,,exact,partial_supply,True,supply_only,0.00023493122736733778,
2023,Papua Pegunungan,Beras Medium II,35.19,,,exact,partial_supply,True,supply_only,1.8233716022366115e-06,
2023,Papua Selatan,Beras Medium II,104849.17,,,exact,partial_supply,True,supply_only,0.017391708235059578,
2023,Papua Tengah,Beras Medium II,5294.89,,,exact,partial_supply,True,supply_only,0.0008744701064779334,
2023,Riau,Beras Medium II,118208.51,593255.5199999999,-475047.0099999999,exact,high,True,full,0.019608181499902493,0.10996828213848595
2023,Sulawesi Barat,Beras Medium II,167391.99,178155.03999999998,-10763.049999999988,exact,high,True,full,0.02776830531529579,0.027549835851275836
2023,Sulawesi Selatan,Beras Medium II,2798247.6,1002212.88,1796034.7200000002,exact,high,True,full,0.46425851540254587,0.19116700830936215
2023,Sulawesi Tengah,Beras Medium II,484835.84,344014.89999999997,140820.94000000006,exact,high,True,full,0.08043601244856774,0.06048140934069746
2023,Sulawesi Tenggara,Beras Medium II,275313.62,296718.81999999995,-21405.199999999953,exact,high,True,full,0.04567378624423908,0.05109074462964824
2023,Sulawesi Utara,Beras Medium II,133848.82,292006.22000000003,-158157.40000000002,exact,high,True,full,0.022203094794186144,0.050155055107022055
2023,Sumatera Barat,Beras Medium II,858383.18,581967.12,276416.06000000006,exact,high,True,full,0.14241195529179107,0.10772696362912519
2023,Sumatera Selatan,Beras Medium II,1626734.93,836600.4500000001,790134.4799999999,exact,high,True,full,0.2698906415046031,0.15828456219306436
2023,Sumatera Utara,Beras Medium II,1197409.21,1559637.0399999998,-362227.82999999984,exact,high,True,full,0.19866040256394918,0.30184390559975605
2024,Aceh,Beras Medium II,956278.09,,,exact,partial_supply,True,supply_only,0.15865388421786103,
2024,Bali,Beras Medium II,358378.78,,,exact,partial_supply,True,supply_only,0.05945528341250483,
2024,Banten,Beras Medium II,883128.02,,,exact,partial_supply,True,supply_only,0.1465174183088874,
2024,Bengkulu,Beras Medium II,157151.04,,,exact,partial_supply,True,supply_only,0.02606921000957013,
2024,DI Yogyakarta,Beras Medium II,257219.86,,,exact,partial_supply,True,supply_only,0.04267181643880826,
2024,DKI Jakarta,Beras Medium II,1359.57,,,exact,partial_supply,True,supply_only,0.0002215537521818657,
2024,Gorontalo,Beras Medium II,131138.53,,,exact,partial_supply,True,supply_only,0.02175342547482073,
2024,Jambi,Beras Medium II,162563.9,,,exact,partial_supply,True,supply_only,0.026967267808558522,
2024,Jawa Barat,Beras Medium II,4981868.86,,,exact,partial_supply,True,supply_only,0.8265472320107469,
2024,Jawa Tengah,Beras Medium II,5113021.6,,,exact,partial_supply,True,supply_only,0.8483070301610217,
2024,Jawa Timur,Beras Medium II,5352936.04,,,exact,partial_supply,True,supply_only,0.8881116868364085,
2024,Kalimantan Barat,Beras Medium II,452439.81,,,exact,partial_supply,True,supply_only,0.07506112608576469,
2024,Kalimantan Selatan,Beras Medium II,609172.41,,,exact,partial_supply,True,supply_only,0.10106492699429155,
2024,Kalimantan Tengah,Beras Medium II,217495.56,,,exact,partial_supply,True,supply_only,0.0360810829957939,
2024,Kalimantan Timur,Beras Medium II,145209.36,,,exact,partial_supply,True,supply_only,0.024087943385821545,
2024,Kalimantan Utara,Beras Medium II,17832.41,,,exact,partial_supply,True,supply_only,0.0029545936670305776,
2024,Kepulauan Bangka Belitung,Beras Medium II,45930.55,,,exact,partial_supply,True,supply_only,0.00761640900385211,
2024,Kepulauan Riau,Beras Medium II,174.59,,,exact,partial_supply,True,supply_only,2.4951488194755603e-05,
2024,Lampung,Beras Medium II,1604614.06,,,exact,partial_supply,True,supply_only,0.2662205262930683,
2024,Maluku,Beras Medium II,51031.04,,,exact,partial_supply,True,supply_only,0.008462640907718517,
2024,Maluku Utara,Beras Medium II,17478.19,,,exact,partial_supply,True,supply_only,0.0028958243595743217,
2024,Nusa Tenggara Barat,Beras Medium II,827788.45,,,exact,partial_supply,True,supply_only,0.13733592600515807,
2024,Nusa Tenggara Timur,Beras Medium II,414576.01,,,exact,partial_supply,True,supply_only,0.06877907170243744,
2024,Papua,Beras Medium II,2632.19,,,exact,partial_supply,True,supply_only,0.00043269653365942323,
2024,Papua Barat,Beras Medium II,12455.13,,,exact,partial_supply,True,supply_only,0.0020624390128654376,
2024,Papua Barat Daya,Beras Medium II,594.02,,,exact,partial_supply,True,supply_only,9.453990958930536e-05,
2024,Papua Pegunungan,Beras Medium II,24.2,,,exact,partial_supply,True,supply_only,0.0,
2024,Papua Selatan,Beras Medium II,124355.12,,,exact,partial_supply,True,supply_only,0.02062797714358071,
2024,Papua Tengah,Beras Medium II,3467.26,,,exact,partial_supply,True,supply_only,0.000571244570409171,
2024,Riau,Beras Medium II,127438.73,,,exact,partial_supply,True,supply_only,0.021139584687381696,
2024,Sulawesi Barat,Beras Medium II,183138.8,,,exact,partial_supply,True,supply_only,0.03038088822519711,
2024,Sulawesi Selatan,Beras Medium II,2764990.01,,,exact,partial_supply,True,supply_only,0.4587406859971929,
2024,Sulawesi Tengah,Beras Medium II,449754.96,,,exact,partial_supply,True,supply_only,0.07461567756472148,
2024,Sulawesi Tenggara,Beras Medium II,319205.15,,,exact,partial_supply,True,supply_only,0.05295591266650627,
2024,Sulawesi Utara,Beras Medium II,153483.66,,,exact,partial_supply,True,supply_only,0.025460748085401746,
2024,Sumatera Barat,Beras Medium II,785425.72,,,exact,partial_supply,True,supply_only,0.13030744567074343,
2024,Sumatera Selatan,Beras Medium II,1670744.56,,,exact,partial_supply,True,supply_only,0.2771923621203393,
2024,Sumatera Utara,Beras Medium II,1264752.48,,,exact,partial_supply,True,supply_only,0.20983345134645626,
2025,Aceh,Beras Medium II,930489.0,,,exact,partial_supply,True,supply_only,0.1543751677161755,
2025,Bali,Beras Medium II,331531.0,,,exact,partial_supply,True,supply_only,0.05500091765862893,
2025,Banten,Beras Medium II,1010357.0,,,exact,partial_supply,True,supply_only,0.16762621804624225,
2025,Bengkulu,Beras Medium II,153533.0,,,exact,partial_supply,True,supply_only,0.025468934177745182,
2025,DI Yogyakarta,Beras Medium II,311000.0,,,exact,partial_supply,True,supply_only,0.05159458077368627,
2025,DKI Jakarta,Beras Medium II,877.0,,,exact,partial_supply,True,supply_only,0.00014148965444835145,
2025,Gorontalo,Beras Medium II,156995.0,,,exact,partial_supply,True,supply_only,0.026043321119232275,
2025,Jambi,Beras Medium II,212757.0,,,exact,partial_supply,True,supply_only,0.03529489958000734,
2025,Jawa Barat,Beras Medium II,5905710.0,,,exact,partial_supply,True,supply_only,0.9798234558191088,
2025,Jawa Tengah,Beras Medium II,5350386.0,,,exact,partial_supply,True,supply_only,0.8876886048964114,
2025,Jawa Timur,Beras Medium II,6027320.0,,,exact,partial_supply,True,supply_only,1.0,
2025,Kalimantan Barat,Beras Medium II,448325.0,,,exact,partial_supply,True,supply_only,0.07437843020745721,
2025,Kalimantan Selatan,Beras Medium II,697788.0,,,exact,partial_supply,True,supply_only,0.11576730645939097,
2025,Kalimantan Tengah,Beras Medium II,198061.0,,,exact,partial_supply,True,supply_only,0.03285665853665254,
2025,Kalimantan Timur,Beras Medium II,157555.0,,,exact,partial_supply,True,supply_only,0.026136231774123313,
2025,Kalimantan Utara,Beras Medium II,22550.0,,,exact,partial_supply,True,supply_only,0.0037372979106152383,
2025,Kepulauan Bangka Belitung,Beras Medium II,38115.0,,,exact,partial_supply,True,supply_only,0.00631971638093488,
2025,Kepulauan Riau,Beras Medium II,394.0,,,exact,partial_supply,True,supply_only,6.135421460483158e-05,
2025,Lampung,Beras Medium II,1869782.0,,,exact,partial_supply,True,supply_only,0.3102150387243314,
2025,Maluku,Beras Medium II,58139.0,,,exact,partial_supply,True,supply_only,0.009641935940824409,
2025,Maluku Utara,Beras Medium II,12670.0,,,exact,partial_supply,True,supply_only,0.0020980884993233614,
2025,Nusa Tenggara Barat,Beras Medium II,973144.0,,,exact,partial_supply,True,supply_only,0.16145213911684905,
2025,Nusa Tenggara Timur,Beras Medium II,567178.0,,,exact,partial_supply,True,supply_only,0.0940975553248938,
2025,Papua,Beras Medium II,1061.0,,,exact,partial_supply,True,supply_only,0.00017201744105540664,
2025,Papua Barat,Beras Medium II,8031.0,,,exact,partial_supply,True,supply_only,0.001328423270681356,
2025,Papua Barat Daya,Beras Medium II,499.0,,,exact,partial_supply,True,supply_only,7.877496239690112e-05,
2025,Papua Pegunungan,Beras Medium II,198.0,,,exact,partial_supply,True,supply_only,2.8835485392968438e-05,
2025,Papua Selatan,Beras Medium II,207007.0,,,exact,partial_supply,True,supply_only,0.03434090624853686,
2025,Papua Tengah,Beras Medium II,2173.0,,,exact,partial_supply,True,supply_only,0.0003565114557676098,
2025,Riau,Beras Medium II,133187.0,,,exact,partial_supply,True,supply_only,0.02209329099129331,
2025,Sulawesi Barat,Beras Medium II,221738.0,,,exact,partial_supply,True,supply_only,0.03678495420782235,
2025,Sulawesi Selatan,Beras Medium II,3136929.0,,,exact,partial_supply,True,supply_only,0.5204497844622127,
2025,Sulawesi Tengah,Beras Medium II,543107.0,,,exact,partial_supply,True,supply_only,0.0901038903715328,
2025,Sulawesi Tenggara,Beras Medium II,390981.0,,,exact,partial_supply,True,supply_only,0.06486437914661497,
2025,Sulawesi Utara,Beras Medium II,148975.0,,,exact,partial_supply,True,supply_only,0.024712707811685632,
2025,Sumatera Barat,Beras Medium II,800613.0,,,exact,partial_supply,True,supply_only,0.13282719590433906,
2025,Sumatera Selatan,Beras Medium II,2082836.0,,,exact,partial_supply,True,supply_only,0.3455632292013941,
2025,Sumatera Utara,Beras Medium II,1578968.0,,,exact,partial_supply,True,supply_only,0.26196554016811324,
2018,Aceh,Beras Premium,,580040.6,,exact,partial_demand,False,demand_only,,0.1073444519414942
2018,Bali,Beras Premium,,537586.65,,exact,partial_demand,False,demand_only,,0.098915195011329
2018,Banten,Beras Premium,,1268784.88,,exact,partial_demand,False,demand_only,,0.2440950368765037
2018,Bengkulu,Beras Premium,,220855.4,,exact,partial_demand,False,demand_only,,0.03602801763296044
2018,DI Yogyakarta,Beras Premium,,334284.60000000003,,exact,partial_demand,False,demand_only,,0.058549452509646736
2018,DKI Jakarta,Beras Premium,,1013342.2000000001,,exact,partial_demand,False,demand_only,,0.19337674139045416
2018,Gorontalo,Beras Premium,,134033.38,,exact,partial_demand,False,demand_only,,0.01878945411234711
2018,Jambi,Beras Premium,,347078.85,,exact,partial_demand,False,demand_only,,0.06108975842885486
2018,Jawa Barat,Beras Premium,,5075900.0,,exact,partial_demand,False,demand_only,,1.0
2018,Jawa Tengah,Beras Premium,,3425757.44,,exact,partial_demand,False,demand_only,,0.6723632168587244
2018,Jawa Timur,Beras Premium,,3775410.2100000004,,exact,partial_demand,False,demand_only,,0.7417869815419627
2018,Kalimantan Barat,Beras Premium,,539121.0,,exact,partial_demand,False,demand_only,,0.09921984111306509
2018,Kalimantan Selatan,Beras Premium,,420224.76,,exact,partial_demand,False,demand_only,,0.07561292220468116
2018,Kalimantan Tengah,Beras Premium,,258326.0,,exact,partial_demand,False,demand_only,,0.04346782746755649
2018,Kalimantan Timur,Beras Premium,,483519.08,,exact,partial_demand,False,demand_only,,0.08818004694808182
2018,Kalimantan Utara,Beras Premium,,64823.1,,exact,partial_demand,False,demand_only,,0.00504771200522458
2018,Kepulauan Bangka Belitung,Beras Premium,,138331.36,,exact,partial_demand,False,demand_only,,0.019642820588274826
2018,Kepulauan Riau,Beras Premium,,197444.2,,exact,partial_demand,False,demand_only,,0.03137970999978418
2018,Lampung,Beras Premium,,853251.84,,exact,partial_demand,False,demand_only,,0.16159070554496408
2018,Maluku,Beras Premium,,158830.36,,exact,partial_demand,False,demand_only,,0.0237129091857188
2018,Maluku Utara,Beras Premium,,148233.02,,exact,partial_demand,False,demand_only,,0.0216088010488713
2018,Nusa Tenggara Barat,Beras Premium,,687732.0,,exact,partial_demand,False,demand_only,,0.12872664322803393
2018,Nusa Tenggara Timur,Beras Premium,,650636.5800000001,,exact,partial_demand,False,demand_only,,0.12136132560476476
2018,Papua,Beras Premium,,65489.59999999999,,exact,partial_demand,False,demand_only,,0.005180045975183913
2018,Papua Barat,Beras Premium,,50886.159999999996,,exact,partial_demand,False,demand_only,,0.002280524309373034
2018,Riau,Beras Premium,,608921.28,,exact,partial_demand,False,demand_only,,0.11307872806981403
2018,Sulawesi Barat,Beras Premium,,175562.03,,exact,partial_demand,False,demand_only,,0.02703499217919143
2018,Sulawesi Selatan,Beras Premium,,1022295.3900000001,,exact,partial_demand,False,demand_only,,0.1951544025704995
2018,Sulawesi Tengah,Beras Premium,,351589.54,,exact,partial_demand,False,demand_only,,0.06198535860133179
2018,Sulawesi Tenggara,Beras Premium,,300122.86,,exact,partial_demand,False,demand_only,,0.051766618788838606
2018,Sulawesi Utara,Beras Premium,,295816.18,,exact,partial_demand,False,demand_only,,0.05091152492275538
2018,Sumatera Barat,Beras Premium,,606215.75,,exact,partial_demand,False,demand_only,,0.11254154348505171
2018,Sumatera Selatan,Beras Premium,,833029.0499999999,,exact,partial_demand,False,demand_only,,0.15757545860669858
2018,Sumatera Utara,Beras Premium,,1632251.72,,exact,partial_demand,False,demand_only,,0.31626159334428233
2019,Aceh,Beras Premium,,567663.4,,exact,partial_demand,False,demand_only,,0.10488695154692454
2019,Bali,Beras Premium,,531340.83,,exact,partial_demand,False,demand_only,,0.09767508374913632
2019,Banten,Beras Premium,,1243710.08,,exact,partial_demand,False,demand_only,,0.23911642047749948
2019,Bengkulu,Beras Premium,,216365.6,,exact,partial_demand,False,demand_only,,0.03513656518236266
2019,DI Yogyakarta,Beras Premium,,315377.10000000003,,exact,partial_demand,False,demand_only,,0.05479535718030521
2019,DKI Jakarta,Beras Premium,,1005867.6,,exact,partial_demand,False,demand_only,,0.19189265513110224
2019,Gorontalo,Beras Premium,,134157.6,,exact,partial_demand,False,demand_only,,0.018814118066958287
2019,Jambi,Beras Premium,,337280.75,,exact,partial_demand,False,demand_only,,0.05914433986762672
2019,Jawa Barat,Beras Premium,,4908395.3,,exact,partial_demand,False,demand_only,,0.9667418425538673
2019,Jawa Tengah,Beras Premium,,3391346.93,,exact,partial_demand,False,demand_only,,0.6655309897069983
2019,Jawa Timur,Beras Premium,,3699649.4700000007,,exact,partial_demand,False,demand_only,,0.7267446417201218
2019,Kalimantan Barat,Beras Premium,,539697.6,,exact,partial_demand,False,demand_only,,0.09933432538475083
2019,Kalimantan Selatan,Beras Premium,,415469.13,,exact,partial_demand,False,demand_only,,0.07466868905005594
2019,Kalimantan Tengah,Beras Premium,,251213.5,,exact,partial_demand,False,demand_only,,0.042055636377780384
2019,Kalimantan Timur,Beras Premium,,471143.04000000004,,exact,partial_demand,False,demand_only,,0.08572277687219956
2019,Kalimantan Utara,Beras Premium,,64898.03999999999,,exact,partial_demand,False,demand_only,,0.00506259138663306
2019,Kepulauan Bangka Belitung,Beras Premium,,136315.32,,exact,partial_demand,False,demand_only,,0.019242534651595432
2019,Kepulauan Riau,Beras Premium,,192574.5,,exact,partial_demand,False,demand_only,,0.030412828179062535
2019,Lampung,Beras Premium,,844681.23,,exact,partial_demand,False,demand_only,,0.15988900585063073
2019,Maluku,Beras Premium,,164150.97999999998,,exact,partial_demand,False,demand_only,,0.024769321439649838
2019,Maluku Utara,Beras Premium,,111140.42,,exact,partial_demand,False,demand_only,,0.014244043338273204
2019,Nusa Tenggara Barat,Beras Premium,,695755.54,,exact,partial_demand,False,demand_only,,0.13031972184968063
2019,Nusa Tenggara Timur,Beras Premium,,633983.04,,exact,partial_demand,False,demand_only,,0.11805475536909095
2019,Papua,Beras Premium,,63664.47999999999,,exact,partial_demand,False,demand_only,,0.004817667317641255
2019,Papua Barat,Beras Premium,,50651.12,,exact,partial_demand,False,demand_only,,0.0022338569780913516
2019,Riau,Beras Premium,,606196.7999999999,,exact,partial_demand,False,demand_only,,0.11253778095132218
2019,Sulawesi Barat,Beras Premium,,175714.56,,exact,partial_demand,False,demand_only,,0.02706527710107875
2019,Sulawesi Selatan,Beras Premium,,994562.4,,exact,partial_demand,False,demand_only,,0.189648000971786
2019,Sulawesi Tengah,Beras Premium,,337071.48,,exact,partial_demand,False,demand_only,,0.059102789185116
2019,Sulawesi Tenggara,Beras Premium,,293314.77999999997,,exact,partial_demand,False,demand_only,,0.05041487047045788
2019,Sulawesi Utara,Beras Premium,,288196.26,,exact,partial_demand,False,demand_only,,0.04939858529128871
2019,Sumatera Barat,Beras Premium,,592612.86,,exact,partial_demand,False,demand_only,,0.1098406816146539
2019,Sumatera Selatan,Beras Premium,,828564.7999999999,,exact,partial_demand,False,demand_only,,0.15668907912374141
2019,Sumatera Utara,Beras Premium,,1581737.16,,exact,partial_demand,False,demand_only,,0.3062318975220032
2020,Aceh,Beras Premium,,568226.0,,exact,partial_demand,False,demand_only,,0.10499865611031406
2020,Bali,Beras Premium,,521525.97000000003,,exact,partial_demand,False,demand_only,,0.09572633747997643
2020,Banten,Beras Premium,,1262516.18,,exact,partial_demand,False,demand_only,,0.24285038277675264
2020,Bengkulu,Beras Premium,,212731.0,,exact,partial_demand,False,demand_only,,0.034414913198545415
2020,DI Yogyakarta,Beras Premium,,310839.3,,exact,partial_demand,False,demand_only,,0.05389437430126323
2020,DKI Jakarta,Beras Premium,,995189.6,,exact,partial_demand,False,demand_only,,0.18977253190345666
2020,Gorontalo,Beras Premium,,134157.6,,exact,partial_demand,False,demand_only,,0.018814118066958287
2020,Jambi,Beras Premium,,339165.0,,exact,partial_demand,False,demand_only,,0.05951845882170905
2020,Jawa Barat,Beras Premium,,4938850.7,,exact,partial_demand,False,demand_only,,0.9727887802713461
2020,Jawa Tengah,Beras Premium,,3379876.7600000002,,exact,partial_demand,False,demand_only,,0.663253580656423
2020,Jawa Timur,Beras Premium,,3649142.3100000005,,exact,partial_demand,False,demand_only,,0.7167164151722277
2020,Kalimantan Barat,Beras Premium,,531625.2000000001,,exact,partial_demand,False,demand_only,,0.09773154558115035
2020,Kalimantan Selatan,Beras Premium,,412010.49,,exact,partial_demand,False,demand_only,,0.07398197402851031
2020,Kalimantan Tengah,Beras Premium,,252920.50000000003,,exact,partial_demand,False,demand_only,,0.04239456223932665
2020,Kalimantan Timur,Beras Premium,,482665.56,,exact,partial_demand,False,demand_only,,0.08801058004629683
2020,Kalimantan Utara,Beras Premium,,63024.53999999999,,exact,partial_demand,False,demand_only,,0.004690606851421035
2020,Kepulauan Bangka Belitung,Beras Premium,,132438.32,,exact,partial_demand,False,demand_only,,0.018472754004135054
2020,Kepulauan Riau,Beras Premium,,180178.90000000002,,exact,partial_demand,False,demand_only,,0.027951674453589273
2020,Lampung,Beras Premium,,841824.36,,exact,partial_demand,False,demand_only,,0.15932177261918629
2020,Maluku,Beras Premium,,161589.19999999998,,exact,partial_demand,False,demand_only,,0.02426067850257193
2020,Maluku Utara,Beras Premium,,112239.46,,exact,partial_demand,False,demand_only,,0.014462258381550186
2020,Nusa Tenggara Barat,Beras Premium,,665380.71,,exact,partial_demand,False,demand_only,,0.1242887813534467
2020,Papua,Beras Premium,,65596.95999999999,,exact,partial_demand,False,demand_only,,0.00520136236680407
2020,Papua Barat,Beras Premium,,51121.200000000004,,exact,partial_demand,False,demand_only,,0.002327191640654719
2020,Riau,Beras Premium,,597342.24,,exact,partial_demand,False,demand_only,,0.11077970281622372
2020,Sulawesi Barat,Beras Premium,,170681.07,,exact,partial_demand,False,demand_only,,0.026065874678797264
2020,Sulawesi Selatan,Beras Premium,,984999.3,,exact,partial_demand,False,demand_only,,0.18774924179981584
2020,Sulawesi Tengah,Beras Premium,,340543.19,,exact,partial_demand,False,demand_only,,0.05979209926290674
2020,Sulawesi Tenggara,Beras Premium,,290194.41,,exact,partial_demand,False,demand_only,,0.04979531915786672
2020,Sulawesi Utara,Beras Premium,,289012.68,,exact,partial_demand,False,demand_only,,0.04956068596608871
2020,Sumatera Barat,Beras Premium,,579009.9700000001,,exact,partial_demand,False,demand_only,,0.10713981974425613
2020,Sumatera Selatan,Beras Premium,,821422.0,,exact,partial_demand,False,demand_only,,0.15527087195100994
2020,Sumatera Utara,Beras Premium,,1551744.14,,exact,partial_demand,False,demand_only,,0.300276765627525
2021,Aceh,Beras Premium,,579478.0,,exact,partial_demand,False,demand_only,,0.10723274737810466
2021,Bali,Beras Premium,,493865.91000000003,,exact,partial_demand,False,demand_only,,0.09023441617598033
2021,Banten,Beras Premium,,1267531.14,,exact,partial_demand,False,demand_only,,0.2438461060565535
2021,Bengkulu,Beras Premium,,213372.4,,exact,partial_demand,False,demand_only,,0.034542263548630804
2021,DI Yogyakarta,Beras Premium,,307814.10000000003,,exact,partial_demand,False,demand_only,,0.0532937190485686
2021,DKI Jakarta,Beras Premium,,1000528.6,,exact,partial_demand,False,demand_only,,0.19083259351727944
2021,Gorontalo,Beras Premium,,127822.38,,exact,partial_demand,False,demand_only,,0.01755625638178833
2021,Jambi,Beras Premium,,338034.45,,exact,partial_demand,False,demand_only,,0.05929398744925966
2021,Jawa Barat,Beras Premium,,4903319.399999999,,exact,partial_demand,False,demand_only,,0.9657340196009541
2021,Jawa Tengah,Beras Premium,,3483108.29,,exact,partial_demand,False,demand_only,,0.6837502621116011
2021,Jawa Timur,Beras Premium,,3712276.2600000002,,exact,partial_demand,False,demand_only,,0.7292516983570951
2021,Kalimantan Barat,Beras Premium,,539121.0,,exact,partial_demand,False,demand_only,,0.09921984111306509
2021,Kalimantan Selatan,Beras Premium,,415469.13,,exact,partial_demand,False,demand_only,,0.07466868905005594
2021,Kalimantan Tengah,Beras Premium,,258610.50000000003,,exact,partial_demand,False,demand_only,,0.04352431511114753
2021,Kalimantan Timur,Beras Premium,,477971.20000000007,,exact,partial_demand,False,demand_only,,0.08707851208647943
2021,Kalimantan Utara,Beras Premium,,64673.219999999994,,exact,partial_demand,False,demand_only,,0.005017953242407617
2021,Kepulauan Bangka Belitung,Beras Premium,,135229.76,,exact,partial_demand,False,demand_only,,0.01902699607030653
2021,Kepulauan Riau,Beras Premium,,174423.8,,exact,partial_demand,False,demand_only,,0.02680899593819096
2021,Lampung,Beras Premium,,867536.19,,exact,partial_demand,False,demand_only,,0.1644268717021863
2021,Maluku,Beras Premium,,164742.15999999997,,exact,partial_demand,False,demand_only,,0.024886700578975508
2021,Maluku Utara,Beras Premium,,118146.8,,exact,partial_demand,False,demand_only,,0.015635164239163956
2021,Nusa Tenggara Barat,Beras Premium,,680854.68,,exact,partial_demand,False,demand_only,,0.12736114726662248
2021,Nusa Tenggara Timur,Beras Premium,,643171.2000000001,,exact,partial_demand,False,demand_only,,0.1198790699818765
2021,Papua,Beras Premium,,64415.99999999999,,exact,partial_demand,False,demand_only,,0.00496688205898235
2021,Papua Barat,Beras Premium,,49123.36,,exact,partial_demand,False,demand_only,,0.001930519324760408
2021,Riau,Beras Premium,,602110.0800000001,,exact,partial_demand,False,demand_only,,0.11172636027358446
2021,Sulawesi Barat,Beras Premium,,170986.12999999998,,exact,partial_demand,False,demand_only,,0.026126444522571887
2021,Sulawesi Selatan,Beras Premium,,1006038.1200000001,,exact,partial_demand,False,demand_only,,0.19192651197815022
2021,Sulawesi Tengah,Beras Premium,,335177.82,,exact,partial_demand,False,demand_only,,0.05872680186995743
2021,Sulawesi Tenggara,Beras Premium,,286790.36999999994,,exact,partial_demand,False,demand_only,,0.04911944499867635
2021,Sulawesi Utara,Beras Premium,,276766.38,,exact,partial_demand,False,demand_only,,0.047129175844088704
2021,Sumatera Barat,Beras Premium,,608581.4700000001,,exact,partial_demand,False,demand_only,,0.113011258592947
2021,Sumatera Selatan,Beras Premium,,841957.5499999999,,exact,partial_demand,False,demand_only,,0.15934821757261294
2021,Sumatera Utara,Beras Premium,,1581737.16,,exact,partial_demand,False,demand_only,,0.3062318975220032
2022,Aceh,Beras Premium,869572.0,555848.7999999999,313723.20000000007,exact,high,True,full,0.14426831349475167,0.10254115571574439
2022,Bali,Beras Premium,383829.16,499219.47000000003,-115390.31000000006,exact,high,True,full,0.06367780390005083,0.09129736868643118
2022,Banten,Beras Premium,1018653.08,1266277.4,-247624.31999999995,exact,high,True,full,0.16900263630665016,0.24359717523660326
2022,Bengkulu,Beras Premium,162197.49,210593.0,-48395.51000000001,exact,high,True,full,0.02690647603523955,0.033990412031594086
2022,DI Yogyakarta,Beras Premium,319059.52,304788.89999999997,14270.620000000054,exact,high,True,full,0.052931750918878084,0.05269306379587394
2022,DKI Jakarta,Beras Premium,1378.0,954613.2000000001,-953235.2000000001,exact,high,True,full,0.00022461150819908323,0.18171606363840348
2022,Gorontalo,Beras Premium,134082.02,127325.5,6756.5199999999895,exact,high,True,full,0.02224178544547291,0.017457600563343625
2022,Jambi,Beras Premium,160667.47,332004.85,-171337.37999999998,exact,high,True,full,0.026652627534888864,0.05809680679619617
2022,Jawa Barat,Beras Premium,5447806.31,4806877.3,640929.0099999998,exact,high,True,full,0.9038517920424611,0.9465853834956051
2022,Jawa Tengah,Beras Premium,5380509.51,3444874.39,1935635.1199999996,exact,high,True,full,0.8926864531851912,0.6761588986096833
2022,Jawa Timur,Beras Premium,5500801.88,3716485.19,1784316.69,exact,high,True,full,0.912644386890718,0.730087383902753
2022,Kalimantan Barat,Beras Premium,432586.93,539121.0,-106534.07,exact,high,True,full,0.07176729736741973,0.09921984111306509
2022,Kalimantan Selatan,Beras Premium,484832.09,404660.88,80171.21000000002,exact,high,True,full,0.08043539027900373,0.07252270460772588
2022,Kalimantan Tengah,Beras Premium,204291.82,260886.5,-56594.67999999999,exact,high,True,full,0.03389042562005999,0.04397621625987588
2022,Kalimantan Timur,Beras Premium,139266.1,476690.92000000004,-337424.82000000007,exact,high,True,full,0.023101885923700643,0.08682431173380195
2022,Kalimantan Utara,Beras Premium,18101.49,62499.96,-44398.47,exact,high,True,full,0.0029992372367057215,0.004586451181561669
2022,Kepulauan Bangka Belitung,Beras Premium,36408.55,132128.16,-95719.61,exact,high,True,full,0.006036596046937004,0.018411171552338224
2022,Kepulauan Riau,Beras Premium,290.07,180842.95,-180552.88,exact,high,True,full,4.411099252835741e-05,0.028083521974596765
2022,Lampung,Beras Premium,1545296.21,858013.2899999999,687282.92,exact,high,True,full,0.2563789900605177,0.16253609426403814
2022,Maluku,Beras Premium,51857.42,170062.78,-118205.36,exact,high,True,full,0.008599747170198615,0.02594311283290655
2022,Maluku Utara,Beras Premium,13702.55,118696.32,-104993.77,exact,high,True,full,0.0022694008148728987,0.01574427176080245
2022,Nusa Tenggara Barat,Beras Premium,827524.88,680854.68,146670.19999999995,exact,high,True,full,0.1372921966099623,0.12736114726662248
2022,Nusa Tenggara Timur,Beras Premium,442841.89,641448.42,-198606.53000000003,exact,high,True,full,0.0734687170986365,0.1195370109919792
2022,Papua,Beras Premium,110739.23,63771.84,46967.39,exact,high,True,full,0.018368939184965835,0.0048389837092614124
2022,Papua Barat,Beras Premium,14398.76,47419.32000000001,-33020.560000000005,exact,high,True,full,0.0023849103274473436,0.0015921811729682032
2022,Riau,Beras Premium,122561.42,585082.0800000001,-462520.6600000001,exact,high,True,full,0.020330380997727042,0.10834544078301048
2022,Sulawesi Barat,Beras Premium,203031.6,171138.66,31892.940000000002,exact,high,True,full,0.033681340145940736,0.02615672944445921
2022,Sulawesi Selatan,Beras Premium,3075859.99,989780.8500000001,2086079.1400000001,exact,high,True,full,0.5103177099753425,0.18869862138580093
2022,Sulawesi Tengah,Beras Premium,439408.72,332021.72,107387.0,exact,high,True,full,0.07289911339675746,0.058100156344693114
2022,Sulawesi Tenggara,Beras Premium,275055.53,284521.00999999995,-9465.479999999923,exact,high,True,full,0.04563096604616618,0.04866886222588278
2022,Sulawesi Utara,Beras Premium,136960.27,284386.3,-147426.03,exact,high,True,full,0.02271932132483028,0.04864211547555537
2022,Sumatera Barat,Beras Premium,795306.36,589655.7100000001,205650.6499999999,exact,high,True,full,0.1319467612656409,0.10925353772978484
2022,Sumatera Selatan,Beras Premium,1593597.7,850886.0499999999,742711.65,exact,high,True,full,0.26439278125357646,0.1611209765385273
2022,Sumatera Utara,Beras Premium,1198045.75,1569108.52,-371062.77,exact,high,True,full,0.19876601211442121,0.30372447356643345
2023,Aceh,Beras Premium,808955.47,560349.6,248605.87,exact,high,True,full,0.1342113108170334,0.10343479222286064
2023,Bali,Beras Premium,379869.53,520187.58,-140318.05,exact,high,True,full,0.06302085422786119,0.09546059935236371
2023,Banten,Beras Premium,960504.4,1247471.3,-286966.9,exact,high,True,full,0.15935507927120485,0.2398632129373501
2023,Bengkulu,Beras Premium,165120.08,211020.6,-45900.52000000002,exact,high,True,full,0.027391368447521686,0.03407531226498434
2023,DI Yogyakarta,Beras Premium,303390.05,306301.5,-2911.4500000000116,exact,high,True,full,0.05033199963406475,0.05299339142222127
2023,DKI Jakarta,Beras Premium,1576.37,959952.2000000001,-958375.8300000001,exact,high,True,full,0.0002575234485753959,0.18277612525222625
2023,Gorontalo,Beras Premium,140390.0,135275.58000000002,5114.419999999984,exact,high,True,full,0.02328835428982928,0.01903609365845887
2023,Jambi,Beras Premium,159624.9,327859.5,-168234.6,exact,high,True,full,0.026479652782264308,0.057273745097215036
2023,Jawa Barat,Beras Premium,5278209.2,4786573.7,491635.5,exact,high,True,full,0.8757136160465196,0.9425540916839527
2023,Jawa Tengah,Beras Premium,5223899.08,3387523.54,1836375.54,exact,high,True,full,0.8667029217315002,0.6647718533568066
2023,Jawa Timur,Beras Premium,5607131.53,3716485.19,1890646.3400000003,exact,high,True,full,0.9302857394189945,0.730087383902753
2023,Kalimantan Barat,Beras Premium,414286.15,542004.0,-127717.84999999998,exact,high,True,full,0.0687309804838183,0.09979226247149384
2023,Kalimantan Selatan,Beras Premium,518040.84,403796.22000000003,114244.62,exact,high,True,full,0.08594511654795506,0.07235102585233948
2023,Kalimantan Tengah,Beras Premium,196487.84,262309.0,-65821.16,exact,high,True,full,0.03259565259763757,0.0442586544778311
2023,Kalimantan Timur,Beras Premium,132022.44,353784.04000000004,-221761.60000000003,exact,high,True,full,0.021900076647972045,0.0624210778767643
2023,Kalimantan Utara,Beras Premium,13992.14,64972.98,-50980.840000000004,exact,high,True,full,0.0023174472372834262,0.005077470768041542
2023,Kepulauan Bangka Belitung,Beras Premium,39398.13,130422.27999999998,-91024.15,exact,high,True,full,0.006532602896310482,0.018072468067455653
2023,Kepulauan Riau,Beras Premium,185.41,39400.3,-39214.89,exact,high,True,full,2.6746654776757432e-05,0.0
2023,Lampung,Beras Premium,1585385.58,874202.22,711183.3600000001,exact,high,True,full,0.26303029295492686,0.16575041590889003
2023,Maluku,Beras Premium,44777.38,166909.82,-122132.44,exact,high,True,full,0.007425084396886578,0.025317090756502975
2023,Maluku Utara,Beras Premium,14920.97,121718.68,-106797.70999999999,exact,high,True,full,0.0024715511722520735,0.016344363129814143
2023,Nusa Tenggara Barat,Beras Premium,876273.53,684293.3400000001,191980.18999999994,exact,high,True,full,0.14538017696095157,0.12804389524732823
2023,Nusa Tenggara Timur,Beras Premium,449144.5,632260.26,-183115.76,exact,high,True,full,0.07451439499617722,0.11771269637919365
2023,Papua,Beras Premium,2147.17,63879.2,-61732.03,exact,high,True,full,0.0003522259518107607,0.004860300100881569
2023,Papua Barat,Beras Premium,13559.26,48535.76,-34976.5,exact,high,True,full,0.0022456273010526546,0.0018138509965561992
2023,Papua Barat Daya,Beras Premium,1440.2,,,exact,partial_supply,True,supply_only,0.00023493122736733778,
2023,Papua Pegunungan,Beras Premium,35.19,,,exact,partial_supply,True,supply_only,1.8233716022366115e-06,
2023,Papua Selatan,Beras Premium,104849.17,,,exact,partial_supply,True,supply_only,0.017391708235059578,
2023,Papua Tengah,Beras Premium,5294.89,,,exact,partial_supply,True,supply_only,0.0008744701064779334,
2023,Riau,Beras Premium,118208.51,593255.5199999999,-475047.0099999999,exact,high,True,full,0.019608181499902493,0.10996828213848595
2023,Sulawesi Barat,Beras Premium,167391.99,178155.03999999998,-10763.049999999988,exact,high,True,full,0.02776830531529579,0.027549835851275836
2023,Sulawesi Selatan,Beras Premium,2798247.6,1002212.88,1796034.7200000002,exact,high,True,full,0.46425851540254587,0.19116700830936215
2023,Sulawesi Tengah,Beras Premium,484835.84,344014.89999999997,140820.94000000006,exact,high,True,full,0.08043601244856774,0.06048140934069746
2023,Sulawesi Tenggara,Beras Premium,275313.62,296718.81999999995,-21405.199999999953,exact,high,True,full,0.04567378624423908,0.05109074462964824
2023,Sulawesi Utara,Beras Premium,133848.82,292006.22000000003,-158157.40000000002,exact,high,True,full,0.022203094794186144,0.050155055107022055
2023,Sumatera Barat,Beras Premium,858383.18,581967.12,276416.06000000006,exact,high,True,full,0.14241195529179107,0.10772696362912519
2023,Sumatera Selatan,Beras Premium,1626734.93,836600.4500000001,790134.4799999999,exact,high,True,full,0.2698906415046031,0.15828456219306436
2023,Sumatera Utara,Beras Premium,1197409.21,1559637.0399999998,-362227.82999999984,exact,high,True,full,0.19866040256394918,0.30184390559975605
2024,Aceh,Beras Premium,956278.09,,,exact,partial_supply,True,supply_only,0.15865388421786103,
2024,Bali,Beras Premium,358378.78,,,exact,partial_supply,True,supply_only,0.05945528341250483,
2024,Banten,Beras Premium,883128.02,,,exact,partial_supply,True,supply_only,0.1465174183088874,
2024,Bengkulu,Beras Premium,157151.04,,,exact,partial_supply,True,supply_only,0.02606921000957013,
2024,DI Yogyakarta,Beras Premium,257219.86,,,exact,partial_supply,True,supply_only,0.04267181643880826,
2024,DKI Jakarta,Beras Premium,1359.57,,,exact,partial_supply,True,supply_only,0.0002215537521818657,
2024,Gorontalo,Beras Premium,131138.53,,,exact,partial_supply,True,supply_only,0.02175342547482073,
2024,Jambi,Beras Premium,162563.9,,,exact,partial_supply,True,supply_only,0.026967267808558522,
2024,Jawa Barat,Beras Premium,4981868.86,,,exact,partial_supply,True,supply_only,0.8265472320107469,
2024,Jawa Tengah,Beras Premium,5113021.6,,,exact,partial_supply,True,supply_only,0.8483070301610217,
2024,Jawa Timur,Beras Premium,5352936.04,,,exact,partial_supply,True,supply_only,0.8881116868364085,
2024,Kalimantan Barat,Beras Premium,452439.81,,,exact,partial_supply,True,supply_only,0.07506112608576469,
2024,Kalimantan Selatan,Beras Premium,609172.41,,,exact,partial_supply,True,supply_only,0.10106492699429155,
2024,Kalimantan Tengah,Beras Premium,217495.56,,,exact,partial_supply,True,supply_only,0.0360810829957939,
2024,Kalimantan Timur,Beras Premium,145209.36,,,exact,partial_supply,True,supply_only,0.024087943385821545,
2024,Kalimantan Utara,Beras Premium,17832.41,,,exact,partial_supply,True,supply_only,0.0029545936670305776,
2024,Kepulauan Bangka Belitung,Beras Premium,45930.55,,,exact,partial_supply,True,supply_only,0.00761640900385211,
2024,Kepulauan Riau,Beras Premium,174.59,,,exact,partial_supply,True,supply_only,2.4951488194755603e-05,
2024,Lampung,Beras Premium,1604614.06,,,exact,partial_supply,True,supply_only,0.2662205262930683,
2024,Maluku,Beras Premium,51031.04,,,exact,partial_supply,True,supply_only,0.008462640907718517,
2024,Maluku Utara,Beras Premium,17478.19,,,exact,partial_supply,True,supply_only,0.0028958243595743217,
2024,Nusa Tenggara Barat,Beras Premium,827788.45,,,exact,partial_supply,True,supply_only,0.13733592600515807,
2024,Nusa Tenggara Timur,Beras Premium,414576.01,,,exact,partial_supply,True,supply_only,0.06877907170243744,
2024,Papua,Beras Premium,2632.19,,,exact,partial_supply,True,supply_only,0.00043269653365942323,
2024,Papua Barat,Beras Premium,12455.13,,,exact,partial_supply,True,supply_only,0.0020624390128654376,
2024,Papua Barat Daya,Beras Premium,594.02,,,exact,partial_supply,True,supply_only,9.453990958930536e-05,
2024,Papua Pegunungan,Beras Premium,24.2,,,exact,partial_supply,True,supply_only,0.0,
2024,Papua Selatan,Beras Premium,124355.12,,,exact,partial_supply,True,supply_only,0.02062797714358071,
2024,Papua Tengah,Beras Premium,3467.26,,,exact,partial_supply,True,supply_only,0.000571244570409171,
2024,Riau,Beras Premium,127438.73,,,exact,partial_supply,True,supply_only,0.021139584687381696,
2024,Sulawesi Barat,Beras Premium,183138.8,,,exact,partial_supply,True,supply_only,0.03038088822519711,
2024,Sulawesi Selatan,Beras Premium,2764990.01,,,exact,partial_supply,True,supply_only,0.4587406859971929,
2024,Sulawesi Tengah,Beras Premium,449754.96,,,exact,partial_supply,True,supply_only,0.07461567756472148,
2024,Sulawesi Tenggara,Beras Premium,319205.15,,,exact,partial_supply,True,supply_only,0.05295591266650627,
2024,Sulawesi Utara,Beras Premium,153483.66,,,exact,partial_supply,True,supply_only,0.025460748085401746,
2024,Sumatera Barat,Beras Premium,785425.72,,,exact,partial_supply,True,supply_only,0.13030744567074343,
2024,Sumatera Selatan,Beras Premium,1670744.56,,,exact,partial_supply,True,supply_only,0.2771923621203393,
2024,Sumatera Utara,Beras Premium,1264752.48,,,exact,partial_supply,True,supply_only,0.20983345134645626,
2025,Aceh,Beras Premium,930489.0,,,exact,partial_supply,True,supply_only,0.1543751677161755,
2025,Bali,Beras Premium,331531.0,,,exact,partial_supply,True,supply_only,0.05500091765862893,
2025,Banten,Beras Premium,1010357.0,,,exact,partial_supply,True,supply_only,0.16762621804624225,
2025,Bengkulu,Beras Premium,153533.0,,,exact,partial_supply,True,supply_only,0.025468934177745182,
2025,DI Yogyakarta,Beras Premium,311000.0,,,exact,partial_supply,True,supply_only,0.05159458077368627,
2025,DKI Jakarta,Beras Premium,877.0,,,exact,partial_supply,True,supply_only,0.00014148965444835145,
2025,Gorontalo,Beras Premium,156995.0,,,exact,partial_supply,True,supply_only,0.026043321119232275,
2025,Jambi,Beras Premium,212757.0,,,exact,partial_supply,True,supply_only,0.03529489958000734,
2025,Jawa Barat,Beras Premium,5905710.0,,,exact,partial_supply,True,supply_only,0.9798234558191088,
2025,Jawa Tengah,Beras Premium,5350386.0,,,exact,partial_supply,True,supply_only,0.8876886048964114,
2025,Jawa Timur,Beras Premium,6027320.0,,,exact,partial_supply,True,supply_only,1.0,
2025,Kalimantan Barat,Beras Premium,448325.0,,,exact,partial_supply,True,supply_only,0.07437843020745721,
2025,Kalimantan Selatan,Beras Premium,697788.0,,,exact,partial_supply,True,supply_only,0.11576730645939097,
2025,Kalimantan Tengah,Beras Premium,198061.0,,,exact,partial_supply,True,supply_only,0.03285665853665254,
2025,Kalimantan Timur,Beras Premium,157555.0,,,exact,partial_supply,True,supply_only,0.026136231774123313,
2025,Kalimantan Utara,Beras Premium,22550.0,,,exact,partial_supply,True,supply_only,0.0037372979106152383,
2025,Kepulauan Bangka Belitung,Beras Premium,38115.0,,,exact,partial_supply,True,supply_only,0.00631971638093488,
2025,Kepulauan Riau,Beras Premium,394.0,,,exact,partial_supply,True,supply_only,6.135421460483158e-05,
2025,Lampung,Beras Premium,1869782.0,,,exact,partial_supply,True,supply_only,0.3102150387243314,
2025,Maluku,Beras Premium,58139.0,,,exact,partial_supply,True,supply_only,0.009641935940824409,
2025,Maluku Utara,Beras Premium,12670.0,,,exact,partial_supply,True,supply_only,0.0020980884993233614,
2025,Nusa Tenggara Barat,Beras Premium,973144.0,,,exact,partial_supply,True,supply_only,0.16145213911684905,
2025,Nusa Tenggara Timur,Beras Premium,567178.0,,,exact,partial_supply,True,supply_only,0.0940975553248938,
2025,Papua,Beras Premium,1061.0,,,exact,partial_supply,True,supply_only,0.00017201744105540664,
2025,Papua Barat,Beras Premium,8031.0,,,exact,partial_supply,True,supply_only,0.001328423270681356,
2025,Papua Barat Daya,Beras Premium,499.0,,,exact,partial_supply,True,supply_only,7.877496239690112e-05,
2025,Papua Pegunungan,Beras Premium,198.0,,,exact,partial_supply,True,supply_only,2.8835485392968438e-05,
2025,Papua Selatan,Beras Premium,207007.0,,,exact,partial_supply,True,supply_only,0.03434090624853686,
2025,Papua Tengah,Beras Premium,2173.0,,,exact,partial_supply,True,supply_only,0.0003565114557676098,
2025,Riau,Beras Premium,133187.0,,,exact,partial_supply,True,supply_only,0.02209329099129331,
2025,Sulawesi Barat,Beras Premium,221738.0,,,exact,partial_supply,True,supply_only,0.03678495420782235,
2025,Sulawesi Selatan,Beras Premium,3136929.0,,,exact,partial_supply,True,supply_only,0.5204497844622127,
2025,Sulawesi Tengah,Beras Premium,543107.0,,,exact,partial_supply,True,supply_only,0.0901038903715328,
2025,Sulawesi Tenggara,Beras Premium,390981.0,,,exact,partial_supply,True,supply_only,0.06486437914661497,
2025,Sulawesi Utara,Beras Premium,148975.0,,,exact,partial_supply,True,supply_only,0.024712707811685632,
2025,Sumatera Barat,Beras Premium,800613.0,,,exact,partial_supply,True,supply_only,0.13282719590433906,
2025,Sumatera Selatan,Beras Premium,2082836.0,,,exact,partial_supply,True,supply_only,0.3455632292013941,
2025,Sumatera Utara,Beras Premium,1578968.0,,,exact,partial_supply,True,supply_only,0.26196554016811324,
2018,Aceh,Telur Ayam Ras,,38256.799999999996,,exact,partial_demand,False,demand_only,,0.08044560908941818
2018,Bali,Telur Ayam Ras,,29444.579999999998,,exact,partial_demand,False,demand_only,,0.060605082236165175
2018,Banten,Telur Ayam Ras,,102806.68,,exact,partial_demand,False,demand_only,,0.2257782979594487
2018,Bengkulu,Telur Ayam Ras,,14966.0,,exact,partial_demand,False,demand_only,,0.02800686574963033
2018,DI Yogyakarta,Telur Ayam Ras,,31386.450000000004,,exact,partial_demand,False,demand_only,,0.06497716144895452
2018,DKI Jakarta,Telur Ayam Ras,,96102.0,,exact,partial_demand,False,demand_only,,0.2106828528182166
2018,Gorontalo,Telur Ayam Ras,,4223.4800000000005,,exact,partial_demand,False,demand_only,,0.0038203092937534175
2018,Jambi,Telur Ayam Ras,,26756.35,,exact,partial_demand,False,demand_only,,0.054552589277214944
2018,Jawa Barat,Telur Ayam Ras,,411147.89999999997,,exact,partial_demand,False,demand_only,,0.920002029933321
2018,Jawa Tengah,Telur Ayam Ras,,286754.25,,exact,partial_demand,False,demand_only,,0.6399323592715404
2018,Jawa Timur,Telur Ayam Ras,,286207.24,,exact,partial_demand,False,demand_only,,0.6387007778319033
2018,Kalimantan Barat,Telur Ayam Ras,,41515.200000000004,,exact,partial_demand,False,demand_only,,0.0877818277379131
2018,Kalimantan Selatan,Telur Ayam Ras,,32857.08,,exact,partial_demand,False,demand_only,,0.0682882537737262
2018,Kalimantan Tengah,Telur Ayam Ras,,21053.0,,exact,partial_demand,False,demand_only,,0.041711617441684216
2018,Kalimantan Timur,Telur Ayam Ras,,10242.24,,exact,partial_demand,False,demand_only,,0.017371420069844472
2018,Kalimantan Utara,Telur Ayam Ras,,5695.44,,exact,partial_demand,False,demand_only,,0.00713439608538076
2018,Kepulauan Bangka Belitung,Telur Ayam Ras,,12251.32,,exact,partial_demand,False,demand_only,,0.02189482117539263
2018,Kepulauan Riau,Telur Ayam Ras,,20585.550000000003,,exact,partial_demand,False,demand_only,,0.040659163658465794
2018,Lampung,Telur Ayam Ras,,71421.75,,exact,partial_demand,False,demand_only,,0.15511579220579455
2018,Maluku,Telur Ayam Ras,,6108.86,,exact,partial_demand,False,demand_only,,0.008065202466936356
2018,Maluku Utara,Telur Ayam Ras,,4670.92,,exact,partial_demand,False,demand_only,,0.004827710985406545
2018,Nusa Tenggara Barat,Telur Ayam Ras,,36105.93,,exact,partial_demand,False,demand_only,,0.07560297079931011
2018,Nusa Tenggara Timur,Telur Ayam Ras,,13782.24,,exact,partial_demand,False,demand_only,,0.02534165515935832
2018,Papua,Telur Ayam Ras,,3864.9599999999996,,exact,partial_demand,False,demand_only,,0.0030131091004504482
2018,Papua Barat,Telur Ayam Ras,,2996.7599999999998,,exact,partial_demand,False,demand_only,,0.0010583751725645955
2018,Riau,Telur Ayam Ras,,58576.31999999999,,exact,partial_demand,False,demand_only,,0.12619457838492054
2018,Sulawesi Barat,Telur Ayam Ras,,5796.139999999999,,exact,partial_demand,False,demand_only,,0.007361120004452523
2018,Sulawesi Selatan,Telur Ayam Ras,,62160.15,,exact,partial_demand,False,demand_only,,0.13426349579194102
2018,Sulawesi Tengah,Telur Ayam Ras,,11993.179999999998,,exact,partial_demand,False,demand_only,,0.021313624427932994
2018,Sulawesi Tenggara,Telur Ayam Ras,,13899.83,,exact,partial_demand,False,demand_only,,0.025606406556018188
2018,Sulawesi Utara,Telur Ayam Ras,,11974.160000000002,,exact,partial_demand,False,demand_only,,0.021270801300418155
2018,Sumatera Barat,Telur Ayam Ras,,47314.4,,exact,partial_demand,False,demand_only,,0.10083860382014719
2018,Sumatera Selatan,Telur Ayam Ras,,68749.45,,exact,partial_demand,False,demand_only,,0.14909916530474712
2018,Sumatera Utara,Telur Ayam Ras,,121550.66,,exact,partial_demand,False,demand_only,,0.2679799722851961
2019,Aceh,Telur Ayam Ras,,36006.4,,exact,partial_demand,False,demand_only,,0.0753788811104798
2019,Bali,Telur Ayam Ras,,29890.710000000003,,exact,partial_demand,False,demand_only,,0.06160953449053942
2019,Banten,Telur Ayam Ras,,100299.2,,exact,partial_demand,False,demand_only,,0.22013275980061983
2019,Bengkulu,Telur Ayam Ras,,14110.8,,exact,partial_demand,False,demand_only,,0.026081401046649466
2019,DI Yogyakarta,Telur Ayam Ras,,30630.149999999998,,exact,partial_demand,False,demand_only,,0.06327436800313549
2019,DKI Jakarta,Telur Ayam Ras,,96102.0,,exact,partial_demand,False,demand_only,,0.2106828528182166
2019,Gorontalo,Telur Ayam Ras,,4347.7,,exact,partial_demand,False,demand_only,,0.004099987995114831
2019,Jambi,Telur Ayam Ras,,26379.5,,exact,partial_demand,False,demand_only,,0.05370411947679594
2019,Jawa Barat,Telur Ayam Ras,,416223.8,,exact,partial_demand,False,demand_only,,0.9314303113714181
2019,Jawa Tengah,Telur Ayam Ras,,286754.25,,exact,partial_demand,False,demand_only,,0.6399323592715404
2019,Jawa Timur,Telur Ayam Ras,,286207.24,,exact,partial_demand,False,demand_only,,0.6387007778319033
2019,Kalimantan Barat,Telur Ayam Ras,,39785.4,,exact,partial_demand,False,demand_only,,0.08388721964247776
2019,Kalimantan Selatan,Telur Ayam Ras,,33289.41,,exact,partial_demand,False,demand_only,,0.06926163562012437
2019,Kalimantan Tengah,Telur Ayam Ras,,21053.0,,exact,partial_demand,False,demand_only,,0.041711617441684216
2019,Kalimantan Timur,Telur Ayam Ras,,10669.0,,exact,partial_demand,False,demand_only,,0.018332261179110274
2019,Kalimantan Utara,Telur Ayam Ras,,4946.04,,exact,partial_demand,False,demand_only,,0.005447137843549779
2019,Kepulauan Bangka Belitung,Telur Ayam Ras,,12096.24,,exact,partial_demand,False,demand_only,,0.021545661837064436
2019,Kepulauan Riau,Telur Ayam Ras,,20364.199999999997,,exact,partial_demand,False,demand_only,,0.040160798817487284
2019,Lampung,Telur Ayam Ras,,71421.75,,exact,partial_demand,False,demand_only,,0.15511579220579455
2019,Maluku,Telur Ayam Ras,,5911.799999999999,,exact,partial_demand,False,demand_only,,0.007621526046953419
2019,Maluku Utara,Telur Ayam Ras,,3571.88,,exact,partial_demand,False,demand_only,,0.002353245682361546
2019,Nusa Tenggara Barat,Telur Ayam Ras,,38971.48,,exact,partial_demand,False,demand_only,,0.08205469598596446
2019,Nusa Tenggara Timur,Telur Ayam Ras,,14356.5,,exact,partial_demand,False,demand_only,,0.026634589397353862
2019,Papua,Telur Ayam Ras,,4079.6799999999994,,exact,partial_demand,False,demand_only,,0.0034965466367274005
2019,Papua Barat,Telur Ayam Ras,,2644.2000000000003,,exact,partial_demand,False,demand_only,,0.00026459379314114985
2019,Riau,Telur Ayam Ras,,55170.719999999994,,exact,partial_demand,False,demand_only,,0.11852694205134756
2019,Sulawesi Barat,Telur Ayam Ras,,5948.67,,exact,partial_demand,False,demand_only,,0.0077045380717416624
2019,Sulawesi Selatan,Telur Ayam Ras,,58334.909999999996,,exact,partial_demand,False,demand_only,,0.1256510488784348
2019,Sulawesi Tengah,Telur Ayam Ras,,11993.179999999998,,exact,partial_demand,False,demand_only,,0.021313624427932994
2019,Sulawesi Tenggara,Telur Ayam Ras,,13332.49,,exact,partial_demand,False,demand_only,,0.024329052551587457
2019,Sulawesi Utara,Telur Ayam Ras,,11157.74,,exact,partial_demand,False,demand_only,,0.01943264894680773
2019,Sumatera Barat,Telur Ayam Ras,,46131.54,,exact,partial_demand,False,demand_only,,0.09817541956083013
2019,Sumatera Selatan,Telur Ayam Ras,,68749.45,,exact,partial_demand,False,demand_only,,0.14909916530474712
2019,Sumatera Utara,Telur Ayam Ras,,123129.23999999999,,exact,partial_demand,False,demand_only,,0.27153411175062114
2020,Aceh,Telur Ayam Ras,,39944.6,,exact,partial_demand,False,demand_only,,0.084245655073622
2020,Bali,Telur Ayam Ras,,31229.100000000002,,exact,partial_demand,False,demand_only,,0.06462289125366215
2020,Banten,Telur Ayam Ras,,101552.93999999999,,exact,partial_demand,False,demand_only,,0.22295552888003425
2020,Bengkulu,Telur Ayam Ras,,15821.2,,exact,partial_demand,False,demand_only,,0.029932330452611188
2020,DI Yogyakarta,Telur Ayam Ras,,29873.850000000002,,exact,partial_demand,False,demand_only,,0.06157157455731648
2020,DKI Jakarta,Telur Ayam Ras,,98237.59999999999,,exact,partial_demand,False,demand_only,,0.2154911110264555
2020,Gorontalo,Telur Ayam Ras,,4720.36,,exact,partial_demand,False,demand_only,,0.004939024099199076
2020,Jambi,Telur Ayam Ras,,26379.5,,exact,partial_demand,False,demand_only,,0.05370411947679594
2020,Jawa Barat,Telur Ayam Ras,,416223.8,,exact,partial_demand,False,demand_only,,0.9314303113714181
2020,Jawa Tengah,Telur Ayam Ras,,279107.47000000003,,exact,partial_demand,False,demand_only,,0.6227157959162317
2020,Jawa Timur,Telur Ayam Ras,,290416.17000000004,,exact,partial_demand,False,demand_only,,0.6481770946610863
2020,Kalimantan Barat,Telur Ayam Ras,,43821.6,,exact,partial_demand,False,demand_only,,0.09297463853182686
2020,Kalimantan Selatan,Telur Ayam Ras,,35018.73,,exact,partial_demand,False,demand_only,,0.07315516300571705
2020,Kalimantan Tengah,Telur Ayam Ras,,21622.0,,exact,partial_demand,False,demand_only,,0.042992708900987435
2020,Kalimantan Timur,Telur Ayam Ras,,13229.560000000001,,exact,partial_demand,False,demand_only,,0.02409730783470507
2020,Kalimantan Utara,Telur Ayam Ras,,5395.68,,exact,partial_demand,False,demand_only,,0.006459492788648369
2020,Kepulauan Bangka Belitung,Telur Ayam Ras,,12251.32,,exact,partial_demand,False,demand_only,,0.02189482117539263
2020,Kepulauan Riau,Telur Ayam Ras,,20806.9,,exact,partial_demand,False,demand_only,,0.04115752849944429
2020,Lampung,Telur Ayam Ras,,69517.17,,exact,partial_demand,False,demand_only,,0.15082767063890576
2020,Maluku,Telur Ayam Ras,,6305.92,,exact,partial_demand,False,demand_only,,0.008508878886919296
2020,Maluku Utara,Telur Ayam Ras,,3846.6399999999994,,exact,partial_demand,False,demand_only,,0.002971862008122794
2020,Nusa Tenggara Barat,Telur Ayam Ras,,30661.385000000002,,exact,partial_demand,False,demand_only,,0.06334469294466685
2020,Papua,Telur Ayam Ras,,4294.4,,exact,partial_demand,False,demand_only,,0.003979984173004354
2020,Papua Barat,Telur Ayam Ras,,2879.2400000000002,,exact,partial_demand,False,demand_only,,0.0007937813794234475
2020,Riau,Telur Ayam Ras,,56532.96000000001,,exact,partial_demand,False,demand_only,,0.12159399658477679
2020,Sulawesi Barat,Telur Ayam Ras,,6253.73,,exact,partial_demand,False,demand_only,,0.008391374206319937
2020,Sulawesi Selatan,Telur Ayam Ras,,59291.22,,exact,partial_demand,False,demand_only,,0.12780416060681138
2020,Sulawesi Tengah,Telur Ayam Ras,,13571.23,,exact,partial_demand,False,demand_only,,0.024866570609573483
2020,Sulawesi Tenggara,Telur Ayam Ras,,14750.84,,exact,partial_demand,False,demand_only,,0.027522437562664284
2020,Sulawesi Utara,Telur Ayam Ras,,12246.300000000001,,exact,partial_demand,False,demand_only,,0.021883518751621627
2020,Sumatera Barat,Telur Ayam Ras,,46722.97,,exact,partial_demand,False,demand_only,,0.09950701169048866
2020,Sumatera Selatan,Telur Ayam Ras,,69642.3,,exact,partial_demand,False,demand_only,,0.15110939818601055
2020,Sumatera Utara,Telur Ayam Ras,,121550.66,,exact,partial_demand,False,demand_only,,0.2679799722851961
2021,Aceh,Telur Ayam Ras,,38819.4,,exact,partial_demand,False,demand_only,,0.0817122910841528
2021,Bali,Telur Ayam Ras,,32567.49,,exact,partial_demand,False,demand_only,,0.06763624801678486
2021,Banten,Telur Ayam Ras,,102806.68,,exact,partial_demand,False,demand_only,,0.2257782979594487
2021,Bengkulu,Telur Ayam Ras,,15179.8,,exact,partial_demand,False,demand_only,,0.02848823192537554
2021,DI Yogyakarta,Telur Ayam Ras,,32142.75,,exact,partial_demand,False,demand_only,,0.06667995489477353
2021,DKI Jakarta,Telur Ayam Ras,,102508.8,,exact,partial_demand,False,demand_only,,0.22510762744293336
2021,Gorontalo,Telur Ayam Ras,,4720.36,,exact,partial_demand,False,demand_only,,0.004939024099199076
2021,Jambi,Telur Ayam Ras,,27886.9,,exact,partial_demand,False,demand_only,,0.057097998678471984
2021,Jawa Barat,Telur Ayam Ras,,436527.39999999997,,exact,partial_demand,False,demand_only,,0.9771434371238059
2021,Jawa Tengah,Telur Ayam Ras,,294401.03,,exact,partial_demand,False,demand_only,,0.6571489226268491
2021,Jawa Timur,Telur Ayam Ras,,307251.89,,exact,partial_demand,False,demand_only,,0.6860823619778179
2021,Kalimantan Barat,Telur Ayam Ras,,40938.6,,exact,partial_demand,False,demand_only,,0.08648362503943464
2021,Kalimantan Selatan,Telur Ayam Ras,,34586.4,,exact,partial_demand,False,demand_only,,0.07218178115931888
2021,Kalimantan Tengah,Telur Ayam Ras,,21906.5,,exact,partial_demand,False,demand_only,,0.04363325463063904
2021,Kalimantan Timur,Telur Ayam Ras,,13229.560000000001,,exact,partial_demand,False,demand_only,,0.02409730783470507
2021,Kalimantan Utara,Telur Ayam Ras,,5545.56,,exact,partial_demand,False,demand_only,,0.006796944437014565
2021,Kepulauan Bangka Belitung,Telur Ayam Ras,,12096.24,,exact,partial_demand,False,demand_only,,0.021545661837064436
2021,Kepulauan Riau,Telur Ayam Ras,,23241.75,,exact,partial_demand,False,demand_only,,0.046639541750207784
2021,Lampung,Telur Ayam Ras,,73326.33,,exact,partial_demand,False,demand_only,,0.15940391377268331
2021,Maluku,Telur Ayam Ras,,6502.98,,exact,partial_demand,False,demand_only,,0.008952555306902232
2021,Maluku Utara,Telur Ayam Ras,,4396.16,,exact,partial_demand,False,demand_only,,0.004209094659645295
2021,Nusa Tenggara Barat,Telur Ayam Ras,,41263.920000000006,,exact,partial_demand,False,demand_only,,0.08721607613528795
2021,Nusa Tenggara Timur,Telur Ayam Ras,,17802.06,,exact,partial_demand,False,demand_only,,0.03439219482532712
2021,Papua,Telur Ayam Ras,,4187.04,,exact,partial_demand,False,demand_only,,0.0037382654048658784
2021,Papua Barat,Telur Ayam Ras,,2938.0,,exact,partial_demand,False,demand_only,,0.0009260782759940215
2021,Riau,Telur Ayam Ras,,57214.08,,exact,partial_demand,False,demand_only,,0.12312752385149138
2021,Sulawesi Barat,Telur Ayam Ras,,6711.320000000001,,exact,partial_demand,False,demand_only,,0.009421628408187352
2021,Sulawesi Selatan,Telur Ayam Ras,,65029.08,,exact,partial_demand,False,demand_only,,0.14072283097707067
2021,Sulawesi Tengah,Telur Ayam Ras,,13571.23,,exact,partial_demand,False,demand_only,,0.024866570609573483
2021,Sulawesi Tenggara,Telur Ayam Ras,,14750.84,,exact,partial_demand,False,demand_only,,0.027522437562664284
2021,Sulawesi Utara,Telur Ayam Ras,,12518.439999999999,,exact,partial_demand,False,demand_only,,0.022496236202825096
2021,Sumatera Barat,Telur Ayam Ras,,46131.54,,exact,partial_demand,False,demand_only,,0.09817541956083013
2021,Sumatera Selatan,Telur Ayam Ras,,73213.7,,exact,partial_demand,False,demand_only,,0.15915032971106413
2021,Sumatera Utara,Telur Ayam Ras,,124707.82,,exact,partial_demand,False,demand_only,,0.27508825121604624
2022,Aceh,Telur Ayam Ras,,37694.200000000004,,exact,partial_demand,False,demand_only,,0.0791789270946836
2022,Bali,Telur Ayam Ras,,29890.710000000003,,exact,partial_demand,False,demand_only,,0.06160953449053942
2022,Banten,Telur Ayam Ras,,109075.37999999999,,exact,partial_demand,False,demand_only,,0.23989214335652084
2022,Bengkulu,Telur Ayam Ras,,15393.6,,exact,partial_demand,False,demand_only,,0.028969598101120757
2022,DI Yogyakarta,Telur Ayam Ras,,34789.799999999996,,exact,partial_demand,False,demand_only,,0.07263973195514008
2022,DKI Jakarta,Telur Ayam Ras,,108915.59999999999,,exact,partial_demand,False,demand_only,,0.23953240206765009
2022,Gorontalo,Telur Ayam Ras,,5465.68,,exact,partial_demand,False,demand_only,,0.006617096307367569
2022,Jambi,Telur Ayam Ras,,27886.9,,exact,partial_demand,False,demand_only,,0.057097998678471984
2022,Jawa Barat,Telur Ayam Ras,,446679.2,,exact,partial_demand,False,demand_only,,1.0
2022,Jawa Tengah,Telur Ayam Ras,,298224.42,,exact,partial_demand,False,demand_only,,0.6657572043045032
2022,Jawa Timur,Telur Ayam Ras,,303042.96,,exact,partial_demand,False,demand_only,,0.676606045148635
2022,Kalimantan Barat,Telur Ayam Ras,,43245.0,,exact,partial_demand,False,demand_only,,0.09167643583334842
2022,Kalimantan Selatan,Telur Ayam Ras,,34154.07,,exact,partial_demand,False,demand_only,,0.0712083993129207
2022,Kalimantan Tengah,Telur Ayam Ras,,22191.0,,exact,partial_demand,False,demand_only,,0.04427380036029065
2022,Kalimantan Timur,Telur Ayam Ras,,12376.04,,exact,partial_demand,False,demand_only,,0.02217562561617347
2022,Kalimantan Utara,Telur Ayam Ras,,5695.44,,exact,partial_demand,False,demand_only,,0.00713439608538076
2022,Kepulauan Bangka Belitung,Telur Ayam Ras,,12716.559999999998,,exact,partial_demand,False,demand_only,,0.02294229919037721
2022,Kepulauan Riau,Telur Ayam Ras,,21692.300000000003,,exact,partial_demand,False,demand_only,,0.043150987863358296
2022,Lampung,Telur Ayam Ras,,74278.62,,exact,partial_demand,False,demand_only,,0.1615479745561277
2022,Maluku,Telur Ayam Ras,,6502.98,,exact,partial_demand,False,demand_only,,0.008952555306902232
2022,Maluku Utara,Telur Ayam Ras,,4258.78,,exact,partial_demand,False,demand_only,,0.0038997864967646695
2022,Nusa Tenggara Barat,Telur Ayam Ras,,41837.03,,exact,partial_demand,False,demand_only,,0.08850642117261881
2022,Nusa Tenggara Timur,Telur Ayam Ras,,16653.54,,exact,partial_demand,False,demand_only,,0.031806326349336035
2022,Papua,Telur Ayam Ras,,4294.4,,exact,partial_demand,False,demand_only,,0.003979984173004354
2022,Papua Barat,Telur Ayam Ras,,2996.7599999999998,,exact,partial_demand,False,demand_only,,0.0010583751725645955
2022,Riau,Telur Ayam Ras,,58576.31999999999,,exact,partial_demand,False,demand_only,,0.12619457838492054
2022,Sulawesi Barat,Telur Ayam Ras,,7168.91,,exact,partial_demand,False,demand_only,,0.010451882610054761
2022,Sulawesi Selatan,Telur Ayam Ras,,65029.08,,exact,partial_demand,False,demand_only,,0.14072283097707067
2022,Sulawesi Tengah,Telur Ayam Ras,,13255.62,,exact,partial_demand,False,demand_only,,0.02415598137324539
2022,Sulawesi Tenggara,Telur Ayam Ras,,15034.509999999998,,exact,partial_demand,False,demand_only,,0.028161114564879644
2022,Sulawesi Utara,Telur Ayam Ras,,12790.580000000002,,exact,partial_demand,False,demand_only,,0.02310895365402858
2022,Sumatera Barat,Telur Ayam Ras,,47314.4,,exact,partial_demand,False,demand_only,,0.10083860382014719
2022,Sumatera Selatan,Telur Ayam Ras,,72320.84999999999,,exact,partial_demand,False,demand_only,,0.1571400968298007
2022,Sumatera Utara,Telur Ayam Ras,,124707.82,,exact,partial_demand,False,demand_only,,0.27508825121604624
2023,Aceh,Telur Ayam Ras,,35443.799999999996,,exact,partial_demand,False,demand_only,,0.07411219911574518
2023,Bali,Telur Ayam Ras,,30782.97,,exact,partial_demand,False,demand_only,,0.0636184389992879
2023,Banten,Telur Ayam Ras,,101552.93999999999,,exact,partial_demand,False,demand_only,,0.22295552888003425
2023,Bengkulu,Telur Ayam Ras,,13897.0,,exact,partial_demand,False,demand_only,,0.025600034870904256
2023,DI Yogyakarta,Telur Ayam Ras,,31764.600000000002,,exact,partial_demand,False,demand_only,,0.06582855817186403
2023,DKI Jakarta,Telur Ayam Ras,,103576.59999999999,,exact,partial_demand,False,demand_only,,0.22751175654705277
2023,Gorontalo,Telur Ayam Ras,,4223.4800000000005,,exact,partial_demand,False,demand_only,,0.0038203092937534175
2023,Jambi,Telur Ayam Ras,,24118.4,,exact,partial_demand,False,demand_only,,0.04861330067428189
2023,Jawa Barat,Telur Ayam Ras,,421299.7,,exact,partial_demand,False,demand_only,,0.9428585928095151
2023,Jawa Tengah,Telur Ayam Ras,,271460.69,,exact,partial_demand,False,demand_only,,0.605499232560923
2023,Jawa Timur,Telur Ayam Ras,,307251.89,,exact,partial_demand,False,demand_only,,0.6860823619778179
2023,Kalimantan Barat,Telur Ayam Ras,,41515.200000000004,,exact,partial_demand,False,demand_only,,0.0877818277379131
2023,Kalimantan Selatan,Telur Ayam Ras,,30695.43,,exact,partial_demand,False,demand_only,,0.06342134454173534
2023,Kalimantan Tengah,Telur Ayam Ras,,19346.0,,exact,partial_demand,False,demand_only,,0.037868343063774575
2023,Kalimantan Timur,Telur Ayam Ras,,32860.520000000004,,exact,partial_demand,False,demand_only,,0.06829599886093184
2023,Kalimantan Utara,Telur Ayam Ras,,5545.56,,exact,partial_demand,False,demand_only,,0.006796944437014565
2023,Kepulauan Bangka Belitung,Telur Ayam Ras,,12406.4,,exact,partial_demand,False,demand_only,,0.022243980513720826
2023,Kepulauan Riau,Telur Ayam Ras,,20585.550000000003,,exact,partial_demand,False,demand_only,,0.040659163658465794
2023,Lampung,Telur Ayam Ras,,69517.17,,exact,partial_demand,False,demand_only,,0.15082767063890576
2023,Maluku,Telur Ayam Ras,,5714.74,,exact,partial_demand,False,demand_only,,0.0071778496269704825
2023,Maluku Utara,Telur Ayam Ras,,4258.78,,exact,partial_demand,False,demand_only,,0.0038997864967646695
2023,Nusa Tenggara Barat,Telur Ayam Ras,,40117.700000000004,,exact,partial_demand,False,demand_only,,0.0846353860606262
2023,Nusa Tenggara Timur,Telur Ayam Ras,,16079.28,,exact,partial_demand,False,demand_only,,0.030513392111340493
2023,Papua,Telur Ayam Ras,,4509.12,,exact,partial_demand,False,demand_only,,0.004463421709281307
2023,Papua Barat,Telur Ayam Ras,,2526.68,,exact,partial_demand,False,demand_only,,0.0
2023,Riau,Telur Ayam Ras,,55170.719999999994,,exact,partial_demand,False,demand_only,,0.11852694205134756
2023,Sulawesi Barat,Telur Ayam Ras,,6253.73,,exact,partial_demand,False,demand_only,,0.008391374206319937
2023,Sulawesi Selatan,Telur Ayam Ras,,58334.909999999996,,exact,partial_demand,False,demand_only,,0.1256510488784348
2023,Sulawesi Tengah,Telur Ayam Ras,,12308.789999999999,,exact,partial_demand,False,demand_only,,0.02202421366426109
2023,Sulawesi Tenggara,Telur Ayam Ras,,13048.819999999998,,exact,partial_demand,False,demand_only,,0.02369037554937209
2023,Sulawesi Utara,Telur Ayam Ras,,12518.439999999999,,exact,partial_demand,False,demand_only,,0.022496236202825096
2023,Sumatera Barat,Telur Ayam Ras,,44357.25,,exact,partial_demand,False,demand_only,,0.09418064317185457
2023,Sumatera Selatan,Telur Ayam Ras,,66963.75,,exact,partial_demand,False,demand_only,,0.1450786995422203
2023,Sumatera Utara,Telur Ayam Ras,,115236.34,,exact,partial_demand,False,demand_only,,0.25376341442349576
2024,Aceh,Telur Ayam Ras,3012.72,,,exact,partial_supply,True,supply_only,0.0014093402428743034,
2024,Bali,Telur Ayam Ras,217230.16,,,exact,partial_supply,True,supply_only,0.10701936267193651,
2024,Banten,Telur Ayam Ras,304751.62,,,exact,partial_supply,True,supply_only,0.1501677793163716,
2024,Bengkulu,Telur Ayam Ras,8085.33,,,exact,partial_supply,True,supply_only,0.0039101564970218895,
2024,DI Yogyakarta,Telur Ayam Ras,115519.51,,,exact,partial_supply,True,supply_only,0.056875620744227466,
2024,Gorontalo,Telur Ayam Ras,6613.04,,,exact,partial_supply,True,supply_only,0.0031843118602729674,
2024,Jambi,Telur Ayam Ras,39113.83,,,exact,partial_supply,True,supply_only,0.019207326423710196,
2024,Jawa Barat,Telur Ayam Ras,706287.88,,,exact,partial_supply,True,supply_only,0.3481267009834485,
2024,Jawa Tengah,Telur Ayam Ras,782834.66,,,exact,partial_supply,True,supply_only,0.38586455814705056,
2024,Jawa Timur,Telur Ayam Ras,1950149.09,,,exact,partial_supply,True,supply_only,0.961355065054742,
2024,Kalimantan Barat,Telur Ayam Ras,84607.56,,,exact,partial_supply,True,supply_only,0.04163591041613257,
2024,Kalimantan Selatan,Telur Ayam Ras,106649.57,,,exact,partial_supply,True,supply_only,0.05250270618440249,
2024,Kalimantan Tengah,Telur Ayam Ras,5424.35,,,exact,partial_supply,True,supply_only,0.002598283115082091,
2024,Kalimantan Timur,Telur Ayam Ras,35071.47,,,exact,partial_supply,True,supply_only,0.01721442738492818,
2024,Kalimantan Utara,Telur Ayam Ras,2091.88,,,exact,partial_supply,True,supply_only,0.0009553625786207412,
2024,Kepulauan Bangka Belitung,Telur Ayam Ras,14544.38,,,exact,partial_supply,True,supply_only,0.007094493007487303,
2024,Kepulauan Riau,Telur Ayam Ras,19489.42,,,exact,partial_supply,True,supply_only,0.009532416760626215,
2024,Lampung,Telur Ayam Ras,207224.72,,,exact,partial_supply,True,supply_only,0.10208664224164551,
2024,Maluku,Telur Ayam Ras,1484.57,,,exact,partial_supply,True,supply_only,0.0006559564111238568,
2024,Maluku Utara,Telur Ayam Ras,175.85,,,exact,partial_supply,True,supply_only,1.0752413945278438e-05,
2024,Nusa Tenggara Barat,Telur Ayam Ras,47782.6,,,exact,partial_supply,True,supply_only,0.023481063399244873,
2024,Nusa Tenggara Timur,Telur Ayam Ras,4669.98,,,exact,partial_supply,True,supply_only,0.002226375801560784,
2024,Papua,Telur Ayam Ras,3844.66,,,exact,partial_supply,True,supply_only,0.0018194898649575195,
2024,Papua Barat,Telur Ayam Ras,1147.32,,,exact,partial_supply,True,supply_only,0.000489690863070434,
2024,Papua Barat Daya,Telur Ayam Ras,3524.13,,,exact,partial_supply,True,supply_only,0.0016614673412582946,
2024,Papua Pegunungan,Telur Ayam Ras,592.51,,,exact,partial_supply,True,supply_only,0.00021616739764265182,
2024,Papua Selatan,Telur Ayam Ras,4433.73,,,exact,partial_supply,True,supply_only,0.0021099036422498243,
2024,Papua Tengah,Telur Ayam Ras,5185.42,,,exact,partial_supply,True,supply_only,0.0024804897054559846,
2024,Riau,Telur Ayam Ras,5564.03,,,exact,partial_supply,True,supply_only,0.0026671458927013704,
2024,Sulawesi Barat,Telur Ayam Ras,2705.97,,,exact,partial_supply,True,supply_only,0.0012581113122134067,
2024,Sulawesi Selatan,Telur Ayam Ras,275941.29,,,exact,partial_supply,True,supply_only,0.13596417573727604,
2024,Sulawesi Tengah,Telur Ayam Ras,22667.12,,,exact,partial_supply,True,supply_only,0.011099035091387852,
2024,Sulawesi Tenggara,Telur Ayam Ras,5659.41,,,exact,partial_supply,True,supply_only,0.0027141685998128173,
2024,Sulawesi Utara,Telur Ayam Ras,35960.67,,,exact,partial_supply,True,supply_only,0.01765280640740143,
2024,Sumatera Barat,Telur Ayam Ras,330571.89,,,exact,partial_supply,True,supply_only,0.1628972718069197,
2024,Sumatera Selatan,Telur Ayam Ras,218684.05,,,exact,partial_supply,True,supply_only,0.10773613603786501,
2024,Sumatera Utara,Telur Ayam Ras,555242.6,,,exact,partial_supply,True,supply_only,0.2736607965799416,
2025,Aceh,Telur Ayam Ras,1562.44,,,exact,partial_supply,True,supply_only,0.0006943466208404471,
2025,Bali,Telur Ayam Ras,227785.24,,,exact,partial_supply,True,supply_only,0.11222305773775629,
2025,Banten,Telur Ayam Ras,314790.62,,,exact,partial_supply,True,supply_only,0.15511704495583287,
2025,Bengkulu,Telur Ayam Ras,8051.44,,,exact,partial_supply,True,supply_only,0.003893448596581473,
2025,DI Yogyakarta,Telur Ayam Ras,112775.76,,,exact,partial_supply,True,supply_only,0.055522941433711295,
2025,Gorontalo,Telur Ayam Ras,7129.59,,,exact,partial_supply,True,supply_only,0.003438972998440486,
2025,Jambi,Telur Ayam Ras,39084.13,,,exact,partial_supply,True,supply_only,0.019192684209396817,
2025,Jawa Barat,Telur Ayam Ras,714346.9,,,exact,partial_supply,True,supply_only,0.3520998288620949,
2025,Jawa Tengah,Telur Ayam Ras,812197.86,,,exact,partial_supply,True,supply_only,0.4003407287641069,
2025,Jawa Timur,Telur Ayam Ras,2028535.77,,,exact,partial_supply,True,supply_only,1.0,
2025,Kalimantan Barat,Telur Ayam Ras,92218.09,,,exact,partial_supply,True,supply_only,0.04538793099856998,
2025,Kalimantan Selatan,Telur Ayam Ras,114010.26,,,exact,partial_supply,True,supply_only,0.0561315546852219,
2025,Kalimantan Tengah,Telur Ayam Ras,5063.44,,,exact,partial_supply,True,supply_only,0.002420353095962859,
2025,Kalimantan Timur,Telur Ayam Ras,34771.29,,,exact,partial_supply,True,supply_only,0.01706643748955479,
2025,Kalimantan Utara,Telur Ayam Ras,1744.54,,,exact,partial_supply,True,supply_only,0.0007841226217315614,
2025,Kepulauan Bangka Belitung,Telur Ayam Ras,10875.07,,,exact,partial_supply,True,supply_only,0.005285509054550594,
2025,Kepulauan Riau,Telur Ayam Ras,19453.87,,,exact,partial_supply,True,supply_only,0.009514890473796566,
2025,Lampung,Telur Ayam Ras,220029.48,,,exact,partial_supply,True,supply_only,0.10839943820633802,
2025,Maluku,Telur Ayam Ras,1590.28,,,exact,partial_supply,True,supply_only,0.0007080718479948052,
2025,Maluku Utara,Telur Ayam Ras,154.04,,,exact,partial_supply,True,supply_only,0.0,
2025,Nusa Tenggara Barat,Telur Ayam Ras,46005.67,,,exact,partial_supply,True,supply_only,0.02260503006995631,
2025,Nusa Tenggara Timur,Telur Ayam Ras,4452.4,,,exact,partial_supply,True,supply_only,0.002119108024109446,
2025,Papua,Telur Ayam Ras,3593.82,,,exact,partial_supply,True,supply_only,0.0016958247794905943,
2025,Papua Barat,Telur Ayam Ras,1096.2,,,exact,partial_supply,True,supply_only,0.00046448850631286256,
2025,Papua Barat Daya,Telur Ayam Ras,3332.53,,,exact,partial_supply,True,supply_only,0.0015670078038022954,
2025,Papua Pegunungan,Telur Ayam Ras,552.87,,,exact,partial_supply,True,supply_only,0.00019662472507085737,
2025,Papua Selatan,Telur Ayam Ras,4143.8,,,exact,partial_supply,True,supply_only,0.001966967036328019,
2025,Papua Tengah,Telur Ayam Ras,4847.94,,,exact,partial_supply,True,supply_only,0.002314110766517306,
2025,Riau,Telur Ayam Ras,5395.26,,,exact,partial_supply,True,supply_only,0.0025839416331165633,
2025,Sulawesi Barat,Telur Ayam Ras,3104.72,,,exact,partial_supply,True,supply_only,0.0014546965969763491,
2025,Sulawesi Selatan,Telur Ayam Ras,249111.9,,,exact,partial_supply,True,supply_only,0.12273718320269035,
2025,Sulawesi Tengah,Telur Ayam Ras,23812.16,,,exact,partial_supply,True,supply_only,0.011663544218572705,
2025,Sulawesi Tenggara,Telur Ayam Ras,3629.15,,,exact,partial_supply,True,supply_only,0.0017132426054734778,
2025,Sulawesi Utara,Telur Ayam Ras,36026.23,,,exact,partial_supply,True,supply_only,0.01768512773973763,
2025,Sumatera Barat,Telur Ayam Ras,347104.6,,,exact,partial_supply,True,supply_only,0.17104796147025048,
2025,Sumatera Selatan,Telur Ayam Ras,226040.08,,,exact,partial_supply,True,supply_only,0.1113626871407484,
2025,Sumatera Utara,Telur Ayam Ras,585125.4,,,exact,partial_supply,True,supply_only,0.28839313199690475,
2021,Aceh,Cabai Merah Keriting,54071.200000000004,,,exact,partial_supply,True,supply_only,0.24385716001483893,0.5
2021,Banten,Cabai Merah Keriting,4292.0,,,exact,partial_supply,True,supply_only,0.0193565896962044,0.5
2021,Bengkulu,Cabai Merah Keriting,14229.6,,,exact,partial_supply,True,supply_only,0.06417444268698091,0.5
2021,DI Yogyakarta,Cabai Merah Keriting,35840.200000000004,,,exact,partial_supply,True,supply_only,0.16163667640965793,0.5
2021,Gorontalo,Cabai Merah Keriting,238.9,,,exact,partial_supply,True,supply_only,0.0010774035791423027,0.5
2021,Jambi,Cabai Merah Keriting,43733.3,,,exact,partial_supply,True,supply_only,0.1972339831478541,0.5
2021,Jawa Barat,Cabai Merah Keriting,169174.1,,,exact,partial_supply,True,supply_only,0.7629628647133628,0.5
2021,Jawa Tengah,Cabai Merah Keriting,102368.1,,,exact,partial_supply,True,supply_only,0.461672665178081,0.5
2021,Jawa Timur,Cabai Merah Keriting,29744.2,,,exact,partial_supply,True,supply_only,0.1341441599236076,0.5
2021,Kalimantan Barat,Cabai Merah Keriting,233.20000000000002,,,exact,partial_supply,True,supply_only,0.0010516969938453068,0.5
2021,Kalimantan Selatan,Cabai Merah Keriting,1175.6000000000001,,,exact,partial_supply,True,supply_only,0.005301852429615291,0.5
2021,Kalimantan Tengah,Cabai Merah Keriting,420.40000000000003,,,exact,partial_supply,True,supply_only,0.0018959553741255922,0.5
2021,Kalimantan Timur,Cabai Merah Keriting,2760.4,,,exact,partial_supply,True,supply_only,0.01244918512762916,0.5
2021,Kalimantan Utara,Cabai Merah Keriting,237.10000000000002,,,exact,partial_supply,True,supply_only,0.0010692857101011462,0.5
2021,Kepulauan Bangka Belitung,Cabai Merah Keriting,4010.0,,,exact,partial_supply,True,supply_only,0.01808479021308987,0.5
2021,Kepulauan Riau,Cabai Merah Keriting,2170.0,,,exact,partial_supply,True,supply_only,0.009786524082129797,0.5
2021,Lampung,Cabai Merah Keriting,21531.9,,,exact,partial_supply,True,supply_only,0.09710728440877968,0.5
2021,Maluku,Cabai Merah Keriting,1240.4,,,exact,partial_supply,True,supply_only,0.005594095715096928,0.5
2021,Maluku Utara,Cabai Merah Keriting,2811.7000000000003,,,exact,partial_supply,True,supply_only,0.012680544395302123,0.5
2021,Nusa Tenggara Barat,Cabai Merah Keriting,5372.3,,,exact,partial_supply,True,supply_only,0.02422866409907188,0.5
2021,Nusa Tenggara Timur,Cabai Merah Keriting,1373.3000000000002,,,exact,partial_supply,True,supply_only,0.00619346504596899,0.5
2021,Papua,Cabai Merah Keriting,22.900000000000002,,,exact,partial_supply,True,supply_only,0.00010325929420351182,0.5
2021,Papua Barat,Cabai Merah Keriting,344.0,,,exact,partial_supply,True,supply_only,0.0015513969326009457,0.5
2021,Riau,Cabai Merah Keriting,12558.1,,,exact,partial_supply,True,supply_only,0.056636099296818,0.5
2021,Sulawesi Barat,Cabai Merah Keriting,844.2,,,exact,partial_supply,True,supply_only,0.0038072625405934602,0.5
2021,Sulawesi Selatan,Cabai Merah Keriting,1890.3000000000002,,,exact,partial_supply,True,supply_only,0.008525097431678966,0.5
2021,Sulawesi Tengah,Cabai Merah Keriting,3576.4,,,exact,partial_supply,True,supply_only,0.016129285759620148,0.5
2021,Sulawesi Tenggara,Cabai Merah Keriting,735.7,,,exact,partial_supply,True,supply_only,0.0033179354345015217,0.5
2021,Sulawesi Utara,Cabai Merah Keriting,8882.300000000001,,,exact,partial_supply,True,supply_only,0.04005850872932723,0.5
2021,Sumatera Barat,Cabai Merah Keriting,115726.40000000001,,,exact,partial_supply,True,supply_only,0.5219176262961266,0.5
2021,Sumatera Selatan,Cabai Merah Keriting,15821.400000000001,,,exact,partial_supply,True,supply_only,0.07135334487571039,0.5
2021,Sumatera Utara,Cabai Merah Keriting,202755.80000000002,,,exact,partial_supply,True,supply_only,0.9144138884797007,0.5
2022,Aceh,Cabai Merah Keriting,96641.70000000001,,,exact,partial_supply,True,supply_only,0.43584701780181484,0.5
2022,Banten,Cabai Merah Keriting,5310.8,,,exact,partial_supply,True,supply_only,0.02395130357349903,0.5
2022,Bengkulu,Cabai Merah Keriting,21520.0,,,exact,partial_supply,True,supply_only,0.09705361627456313,0.5
2022,DI Yogyakarta,Cabai Merah Keriting,33665.1,,,exact,partial_supply,True,supply_only,0.15182713365886918,0.5
2022,Gorontalo,Cabai Merah Keriting,44.6,,,exact,partial_supply,True,supply_only,0.00020112471542189963,0.5
2022,Jambi,Cabai Merah Keriting,93689.1,,,exact,partial_supply,True,supply_only,0.422531006617971,0.5
2022,Jawa Barat,Cabai Merah Keriting,195696.80000000002,,,exact,partial_supply,True,supply_only,0.8825783120566317,0.5
2022,Jawa Tengah,Cabai Merah Keriting,136438.1,,,exact,partial_supply,True,supply_only,0.615325886418195,0.5
2022,Jawa Timur,Cabai Merah Keriting,30731.7,,,exact,partial_supply,True,supply_only,0.138597713078131,0.5
2022,Kalimantan Barat,Cabai Merah Keriting,826.0,,,exact,partial_supply,True,supply_only,0.003725181864732877,0.5
2022,Kalimantan Selatan,Cabai Merah Keriting,2282.9,,,exact,partial_supply,True,supply_only,0.01029569486810012,0.5
2022,Kalimantan Tengah,Cabai Merah Keriting,352.8,,,exact,partial_supply,True,supply_only,0.0015910842923577112,0.5
2022,Kalimantan Timur,Cabai Merah Keriting,3649.8,,,exact,partial_supply,True,supply_only,0.01646031441940953,0.5
2022,Kalimantan Utara,Cabai Merah Keriting,811.4000000000001,,,exact,partial_supply,True,supply_only,0.0036593369269546073,0.5
2022,Kepulauan Bangka Belitung,Cabai Merah Keriting,5246.1,,,exact,partial_supply,True,supply_only,0.023659511280741903,0.5
2022,Kepulauan Riau,Cabai Merah Keriting,2508.7000000000003,,,exact,partial_supply,True,supply_only,0.011314036440040764,0.5
2022,Lampung,Cabai Merah Keriting,22720.2,,,exact,partial_supply,True,supply_only,0.10246643095411655,0.5
2022,Maluku,Cabai Merah Keriting,2347.1,,,exact,partial_supply,True,supply_only,0.010585232197234704,0.5
2022,Maluku Utara,Cabai Merah Keriting,3708.4,,,exact,partial_supply,True,supply_only,0.01672459615597163,0.5
2022,Nusa Tenggara Barat,Cabai Merah Keriting,6022.400000000001,,,exact,partial_supply,True,supply_only,0.027160567801102938,0.5
2022,Nusa Tenggara Timur,Cabai Merah Keriting,2167.9,,,exact,partial_supply,True,supply_only,0.009777053234915116,0.5
2022,Papua,Cabai Merah Keriting,44.0,,,exact,partial_supply,True,supply_only,0.00019841875907484742,0.5
2022,Papua Barat,Cabai Merah Keriting,497.40000000000003,,,exact,partial_supply,True,supply_only,0.0022432197719972906,0.5
2022,Riau,Cabai Merah Keriting,10789.2,,,exact,partial_supply,True,supply_only,0.04865848899298362,0.5
2022,Sulawesi Barat,Cabai Merah Keriting,1084.0,,,exact,partial_supply,True,supply_only,0.004888743093965322,0.5
2022,Sulawesi Selatan,Cabai Merah Keriting,3274.3,,,exact,partial_supply,True,supply_only,0.014766836738879366,0.5
2022,Sulawesi Tengah,Cabai Merah Keriting,4716.7,,,exact,partial_supply,True,supply_only,0.021271955797192845,0.5
2022,Sulawesi Tenggara,Cabai Merah Keriting,1065.9,,,exact,partial_supply,True,supply_only,0.004807113410829248,0.5
2022,Sulawesi Utara,Cabai Merah Keriting,7057.0,,,exact,partial_supply,True,supply_only,0.03182653852886994,0.5
2022,Sumatera Barat,Cabai Merah Keriting,123503.5,,,exact,partial_supply,True,supply_only,0.5569917814738926,0.5
2022,Sumatera Selatan,Cabai Merah Keriting,13629.2,,,exact,partial_supply,True,supply_only,0.06146668236903068,0.5
2022,Sumatera Utara,Cabai Merah Keriting,185339.2,,,exact,partial_supply,True,supply_only,0.8358662896229186,0.5
2023,Aceh,Cabai Merah Keriting,97643.40000000001,,,exact,partial_supply,True,supply_only,0.44036461192321846,0.5
2023,Banten,Cabai Merah Keriting,4047.4,,,exact,partial_supply,True,supply_only,0.01825346149205612,0.5
2023,Bengkulu,Cabai Merah Keriting,21618.4,,,exact,partial_supply,True,supply_only,0.0974973931154797,0.5
2023,DI Yogyakarta,Cabai Merah Keriting,44198.5,,,exact,partial_supply,True,supply_only,0.19933200130226855,0.5
2023,DKI Jakarta,Cabai Merah Keriting,0.2,,,exact,partial_supply,True,supply_only,8.839457400370509e-07,0.5
2023,Gorontalo,Cabai Merah Keriting,1246.9,,,exact,partial_supply,True,supply_only,0.0056234102421899934,0.5
2023,Jambi,Cabai Merah Keriting,156636.9,,,exact,partial_supply,True,supply_only,0.7064210048562581,0.5
2023,Jawa Barat,Cabai Merah Keriting,186297.5,,,exact,partial_supply,True,supply_only,0.8401881529018854,0.5
2023,Jawa Tengah,Cabai Merah Keriting,188310.6,,,exact,partial_supply,True,supply_only,0.8492670874389701,0.5
2023,Jawa Timur,Cabai Merah Keriting,29940.7,,,exact,partial_supply,True,supply_only,0.1350303606272672,0.5
2023,Kalimantan Barat,Cabai Merah Keriting,540.7,,,exact,partial_supply,True,supply_only,0.0024384996217095578,0.5
2023,Kalimantan Selatan,Cabai Merah Keriting,2287.3,,,exact,partial_supply,True,supply_only,0.010315538547978504,0.5
2023,Kalimantan Tengah,Cabai Merah Keriting,378.20000000000005,,,exact,partial_supply,True,supply_only,0.001705636444382921,0.5
2023,Kalimantan Timur,Cabai Merah Keriting,3647.3,,,exact,partial_supply,True,supply_only,0.016449039601296817,0.5
2023,Kalimantan Utara,Cabai Merah Keriting,1299.2,,,exact,partial_supply,True,supply_only,0.0058592794371080436,0.5
2023,Kepulauan Bangka Belitung,Cabai Merah Keriting,6313.900000000001,,,exact,partial_supply,True,supply_only,0.028475211593045797,0.5
2023,Kepulauan Riau,Cabai Merah Keriting,2885.3,,,exact,partial_supply,True,supply_only,0.013012475040540527,0.5
2023,Lampung,Cabai Merah Keriting,21878.300000000003,,,exact,partial_supply,True,supply_only,0.09866952320647782,0.5
2023,Maluku,Cabai Merah Keriting,1474.0,,,exact,partial_supply,True,supply_only,0.00664761471954925,0.5
2023,Maluku Utara,Cabai Merah Keriting,5420.3,,,exact,partial_supply,True,supply_only,0.024445140606836058,0.5
2023,Nusa Tenggara Barat,Cabai Merah Keriting,5116.5,,,exact,partial_supply,True,supply_only,0.023075024709778628,0.5
2023,Nusa Tenggara Timur,Cabai Merah Keriting,1889.1000000000001,,,exact,partial_supply,True,supply_only,0.008519685518984861,0.5
2023,Papua,Cabai Merah Keriting,106.60000000000001,,,exact,partial_supply,True,supply_only,0.0004807402046172933,0.5
2023,Papua Barat,Cabai Merah Keriting,136.1,,,exact,partial_supply,True,supply_only,0.0006137830583473596,0.5
2023,Papua Barat Daya,Cabai Merah Keriting,695.1,,,exact,partial_supply,True,supply_only,0.0031348323883509895,0.5
2023,Papua Selatan,Cabai Merah Keriting,9.600000000000001,,,exact,partial_supply,True,supply_only,4.3277261843854805e-05,0.5
2023,Papua Tengah,Cabai Merah Keriting,301.0,,,exact,partial_supply,True,supply_only,0.001357470061062205,0.5
2023,Riau,Cabai Merah Keriting,8639.7,,,exact,partial_supply,True,supply_only,0.038964400379669126,0.5
2023,Sulawesi Barat,Cabai Merah Keriting,1166.1000000000001,,,exact,partial_supply,True,supply_only,0.0052590081207869645,0.5
2023,Sulawesi Selatan,Cabai Merah Keriting,4163.1,,,exact,partial_supply,True,supply_only,0.01877526007431269,0.5
2023,Sulawesi Tengah,Cabai Merah Keriting,6517.1,,,exact,partial_supply,True,supply_only,0.029391628809247474,0.5
2023,Sulawesi Tenggara,Cabai Merah Keriting,1685.3000000000002,,,exact,partial_supply,True,supply_only,0.007600562346436132,0.5
2023,Sulawesi Utara,Cabai Merah Keriting,8011.5,,,exact,partial_supply,True,supply_only,0.036131264084305476,0.5
2023,Sumatera Barat,Cabai Merah Keriting,127449.90000000001,,,exact,partial_supply,True,supply_only,0.574789758353904,0.5
2023,Sumatera Selatan,Cabai Merah Keriting,12258.6,,,exact,partial_supply,True,supply_only,0.055285376086914445,0.5
2023,Sumatera Utara,Cabai Merah Keriting,205247.5,,,exact,partial_supply,True,supply_only,0.925651274196284,0.5
2024,Aceh,Cabai Merah Keriting,65996.90500000001,,,exact,partial_supply,True,supply_only,0.2976412219112092,0.5
2024,Bali,Cabai Merah Keriting,1.7000000000000002,,,exact,partial_supply,True,supply_only,7.648836607667544e-06,0.5
2024,Banten,Cabai Merah Keriting,3096.517,,,exact,partial_supply,True,supply_only,0.013965048343466064,0.5
2024,Bengkulu,Cabai Merah Keriting,16923.309,,,exact,partial_supply,True,supply_only,0.07632287429641696,0.5
2024,DI Yogyakarta,Cabai Merah Keriting,45398.074,,,exact,partial_supply,True,supply_only,0.20474199276736652,0.5
2024,DKI Jakarta,Cabai Merah Keriting,12.06,,,exact,partial_supply,True,supply_only,5.437168286676881e-05,0.5
2024,Gorontalo,Cabai Merah Keriting,577.047,,,exact,partial_supply,True,supply_only,0.0026024219472867345,0.5
2024,Jambi,Cabai Merah Keriting,170341.468,,,exact,partial_supply,True,supply_only,0.7682276094616055,0.5
2024,Jawa Barat,Cabai Merah Keriting,180094.46600000001,,,exact,partial_supply,True,supply_only,0.8122129208630845,0.5
2024,Jawa Tengah,Cabai Merah Keriting,161036.095,,,exact,partial_supply,True,supply_only,0.7262610542432086,0.5
2024,Jawa Timur,Cabai Merah Keriting,37135.090000000004,,,exact,partial_supply,True,supply_only,0.16747653610004862,0.5
2024,Kalimantan Barat,Cabai Merah Keriting,669.6210000000001,,,exact,partial_supply,True,supply_only,0.0030199239520734182,0.5
2024,Kalimantan Selatan,Cabai Merah Keriting,2890.0200000000004,,,exact,partial_supply,True,supply_only,0.013033761897137338,0.5
2024,Kalimantan Tengah,Cabai Merah Keriting,229.71,,,exact,partial_supply,True,supply_only,0.0010359573477599533,0.5
2024,Kalimantan Timur,Cabai Merah Keriting,3779.0290000000005,,,exact,partial_supply,True,supply_only,0.01704312780736488,0.5
2024,Kalimantan Utara,Cabai Merah Keriting,2634.1270000000004,,,exact,partial_supply,True,supply_only,0.011879703084610291,0.5
2024,Kepulauan Bangka Belitung,Cabai Merah Keriting,7774.534,,,exact,partial_supply,True,supply_only,0.03506256466474619,0.5
2024,Kepulauan Riau,Cabai Merah Keriting,4058.768,,,exact,partial_supply,True,supply_only,0.01830473034497827,0.5
2024,Lampung,Cabai Merah Keriting,21232.205,,,exact,partial_supply,True,supply_only,0.09575568176306333,0.5
2024,Maluku,Cabai Merah Keriting,1705.9099999999999,,,exact,partial_supply,True,supply_only,0.007693511946957374,0.5
2024,Maluku Utara,Cabai Merah Keriting,5550.292,,,exact,partial_supply,True,supply_only,0.025031395069279407,0.5
2024,Nusa Tenggara Barat,Cabai Merah Keriting,5703.372,,,exact,partial_supply,True,supply_only,0.025721774731957324,0.5
2024,Nusa Tenggara Timur,Cabai Merah Keriting,1412.6350000000002,,,exact,partial_supply,True,supply_only,0.0063708630341544874,0.5
2024,Papua,Cabai Merah Keriting,50.61000000000001,,,exact,partial_supply,True,supply_only,0.00022822937816487248,0.5
2024,Papua Barat,Cabai Merah Keriting,30.673000000000002,,,exact,partial_supply,True,supply_only,0.00013831495867957304,0.5
2024,Papua Barat Daya,Cabai Merah Keriting,348.49600000000004,,,exact,partial_supply,True,supply_only,0.0015716735654948569,0.5
2024,Papua Selatan,Cabai Merah Keriting,0.48,,,exact,partial_supply,True,supply_only,2.1467253686614093e-06,0.5
2024,Papua Tengah,Cabai Merah Keriting,593.4,,,exact,partial_supply,True,supply_only,0.002676172787525642,0.5
2024,Riau,Cabai Merah Keriting,7907.1,,,exact,partial_supply,True,supply_only,0.035660427679918394,0.5
2024,Sulawesi Barat,Cabai Merah Keriting,808.712,,,exact,partial_supply,True,supply_only,0.003647214242519813,0.5
2024,Sulawesi Selatan,Cabai Merah Keriting,7028.707000000001,,,exact,partial_supply,True,supply_only,0.0316989391573247,0.5
2024,Sulawesi Tengah,Cabai Merah Keriting,6911.509,,,exact,partial_supply,True,supply_only,0.031170384704054987,0.5
2024,Sulawesi Tenggara,Cabai Merah Keriting,1709.218,,,exact,partial_supply,True,supply_only,0.0077084307862841225,0.5
2024,Sulawesi Utara,Cabai Merah Keriting,4861.356,,,exact,partial_supply,True,supply_only,0.02192434383275815,0.5
2024,Sumatera Barat,Cabai Merah Keriting,114169.55500000001,,,exact,partial_supply,True,supply_only,0.5148963686142491,0.5
2024,Sumatera Selatan,Cabai Merah Keriting,10984.674,,,exact,partial_supply,True,supply_only,0.049540062511289756,0.5
2024,Sumatera Utara,Cabai Merah Keriting,191663.62,,,exact,partial_supply,True,supply_only,0.8643889636902916,0.5
2025,Aceh,Cabai Merah Keriting,184095.024,,,exact,partial_supply,True,supply_only,0.8302551463828353,0.5
2025,Bali,Cabai Merah Keriting,0.137,,,exact,partial_supply,True,supply_only,5.998203235965703e-07,0.5
2025,Banten,Cabai Merah Keriting,7521.563000000001,,,exact,partial_supply,True,supply_only,0.03392168385962929,0.5
2025,Bengkulu,Cabai Merah Keriting,15893.857000000002,,,exact,partial_supply,True,supply_only,0.07168012067410767,0.5
2025,DI Yogyakarta,Cabai Merah Keriting,45171.772,,,exact,partial_supply,True,supply_only,0.20372138721194882,0.5
2025,DKI Jakarta,Cabai Merah Keriting,0.066,,,exact,partial_supply,True,supply_only,2.7961548919539367e-07,0.5
2025,Gorontalo,Cabai Merah Keriting,469.42,,,exact,partial_supply,True,supply_only,0.0021170320076797566,0.5
2025,Jambi,Cabai Merah Keriting,213975.32700000002,,,exact,partial_supply,True,supply_only,0.96501313897399,0.5
2025,Jawa Barat,Cabai Merah Keriting,221733.071,,,exact,partial_supply,True,supply_only,1.0,0.5
2025,Jawa Tengah,Cabai Merah Keriting,167398.271,,,exact,partial_supply,True,supply_only,0.7549540051236472,0.5
2025,Jawa Timur,Cabai Merah Keriting,35664.668,,,exact,partial_supply,True,supply_only,0.1608450398604733,0.5
2025,Kalimantan Barat,Cabai Merah Keriting,945.8200000000002,,,exact,partial_supply,True,supply_only,0.004265561347239201,0.5
2025,Kalimantan Selatan,Cabai Merah Keriting,3883.425,,,exact,partial_supply,True,supply_only,0.017513946172042983,0.5
2025,Kalimantan Tengah,Cabai Merah Keriting,322.116,,,exact,partial_supply,True,supply_only,0.0014527016847694619,0.5
2025,Kalimantan Timur,Cabai Merah Keriting,3321.352,,,exact,partial_supply,True,supply_only,0.0149790378356152,0.5
2025,Kalimantan Utara,Cabai Merah Keriting,3379.5280000000002,,,exact,partial_supply,True,supply_only,0.01524140736302538,0.5
2025,Kepulauan Bangka Belitung,Cabai Merah Keriting,4916.416000000001,,,exact,partial_supply,True,supply_only,0.022172660426872645,0.5
2025,Kepulauan Riau,Cabai Merah Keriting,3157.494,,,exact,partial_supply,True,supply_only,0.014240050177089736,0.5
2025,Lampung,Cabai Merah Keriting,19442.353,,,exact,partial_supply,True,supply_only,0.08768357946358987,0.5
2025,Maluku,Cabai Merah Keriting,1850.496,,,exact,partial_supply,True,supply_only,0.008345584287615523,0.5
2025,Maluku Utara,Cabai Merah Keriting,7024.972000000001,,,exact,partial_supply,True,supply_only,0.0316820945790643,0.5
2025,Nusa Tenggara Barat,Cabai Merah Keriting,4260.787,,,exact,partial_supply,True,supply_only,0.019215821337103502,0.5
2025,Nusa Tenggara Timur,Cabai Merah Keriting,1725.5650000000003,,,exact,partial_supply,True,supply_only,0.007782154566959561,0.5
2025,Papua,Cabai Merah Keriting,53.5,,,exact,partial_supply,True,supply_only,0.00024126306790317386,0.5
2025,Papua Barat,Cabai Merah Keriting,32.694,,,exact,partial_supply,True,supply_only,0.00014742952164189388,0.5
2025,Papua Barat Daya,Cabai Merah Keriting,396.72,,,exact,partial_supply,True,supply_only,0.0017891602969619322,0.5
2025,Papua Pegunungan,Cabai Merah Keriting,8.07,,,exact,partial_supply,True,supply_only,3.63770731588717e-05,0.5
2025,Papua Selatan,Cabai Merah Keriting,0.004,,,exact,partial_supply,True,supply_only,0.0,0.5
2025,Papua Tengah,Cabai Merah Keriting,66.3,,,exact,partial_supply,True,supply_only,0.00029899013664028736,0.5
2025,Riau,Cabai Merah Keriting,6787.94,,,exact,partial_supply,True,supply_only,0.03061309750430683,0.5
2025,Sulawesi Barat,Cabai Merah Keriting,713.5920000000001,,,exact,partial_supply,True,supply_only,0.0032182299629671387,0.5
2025,Sulawesi Selatan,Cabai Merah Keriting,9462.59,,,exact,partial_supply,True,supply_only,0.04267557441037876,0.5
2025,Sulawesi Tengah,Cabai Merah Keriting,4038.6300000000006,,,exact,partial_supply,True,supply_only,0.01821390943011671,0.5
2025,Sulawesi Tenggara,Cabai Merah Keriting,1616.7430000000002,,,exact,partial_supply,True,supply_only,0.007291375264294703,0.5
2025,Sulawesi Utara,Cabai Merah Keriting,5875.196,,,exact,partial_supply,True,supply_only,0.02649668847091715,0.5
2025,Sumatera Barat,Cabai Merah Keriting,121757.291,,,exact,partial_supply,True,supply_only,0.5491165059291765,0.5
2025,Sumatera Selatan,Cabai Merah Keriting,19049.656,,,exact,partial_supply,True,supply_only,0.08591254456422595,0.5
2025,Sumatera Utara,Cabai Merah Keriting,211900.30800000002,,,exact,partial_supply,True,supply_only,0.9556549542518168,0.5
2020,Aceh,Cabai Merah Besar,73443.7,,,exact,partial_supply,True,supply_only,0.27603493573833743,0.5
2020,Bali,Cabai Merah Besar,8049.1,,,exact,partial_supply,True,supply_only,0.030252083380877825,0.5
2020,Banten,Cabai Merah Besar,6946.900000000001,,,exact,partial_supply,True,supply_only,0.026109511060405002,0.5
2020,Bengkulu,Cabai Merah Besar,39637.700000000004,,,exact,partial_supply,True,supply_only,0.14897650726264866,0.5
2020,DI Yogyakarta,Cabai Merah Besar,44521.0,,,exact,partial_supply,True,supply_only,0.16733018482803144,0.5
2020,Gorontalo,Cabai Merah Besar,334.1,,,exact,partial_supply,True,supply_only,0.0012555805207364497,0.5
2020,Jambi,Cabai Merah Besar,47133.100000000006,,,exact,partial_supply,True,supply_only,0.17714765276334907,0.5
2020,Jawa Barat,Cabai Merah Besar,266066.60000000003,,,exact,partial_supply,True,supply_only,1.0,0.5
2020,Jawa Tengah,Cabai Merah Besar,166259.5,,,exact,partial_supply,True,supply_only,0.6248792144377943,0.5
2020,Jawa Timur,Cabai Merah Besar,99109.90000000001,,,exact,partial_supply,True,supply_only,0.3725002684290647,0.5
2020,Kalimantan Barat,Cabai Merah Besar,2021.6000000000001,,,exact,partial_supply,True,supply_only,0.007597978262342227,0.5
2020,Kalimantan Selatan,Cabai Merah Besar,12654.6,,,exact,partial_supply,True,supply_only,0.047561661335820286,0.5
2020,Kalimantan Tengah,Cabai Merah Besar,1379.9,,,exact,partial_supply,True,supply_only,0.005186175814467604,0.5
2020,Kalimantan Timur,Cabai Merah Besar,4290.1,,,exact,partial_supply,True,supply_only,0.016124040056020868,0.5
2020,Kalimantan Utara,Cabai Merah Besar,1778.1000000000001,,,exact,partial_supply,True,supply_only,0.00668279375859052,0.5
2020,Kepulauan Bangka Belitung,Cabai Merah Besar,6954.6,,,exact,partial_supply,True,supply_only,0.02613845118639633,0.5
2020,Kepulauan Riau,Cabai Merah Besar,4181.5,,,exact,partial_supply,True,supply_only,0.015715871525805523,0.5
2020,Lampung,Cabai Merah Besar,37986.6,,,exact,partial_supply,True,supply_only,0.14277091738936548,0.5
2020,Maluku,Cabai Merah Besar,2035.1000000000001,,,exact,partial_supply,True,supply_only,0.0076487174442750735,0.5
2020,Maluku Utara,Cabai Merah Besar,4169.6,,,exact,partial_supply,True,supply_only,0.0156711458765462,0.5
2020,Nusa Tenggara Barat,Cabai Merah Besar,20092.4,,,exact,partial_supply,True,supply_only,0.07551631966027389,0.5
2020,Nusa Tenggara Timur,Cabai Merah Besar,3349.7000000000003,,,exact,partial_supply,True,supply_only,0.01258958622715801,0.5
2020,Papua,Cabai Merah Besar,1993.4,,,exact,partial_supply,True,supply_only,0.007491989748971393,0.5
2020,Papua Barat,Cabai Merah Besar,812.3000000000001,,,exact,partial_supply,True,supply_only,0.003052875098535491,0.5
2020,Riau,Cabai Merah Besar,16735.100000000002,,,exact,partial_supply,True,supply_only,0.06289804888226318,0.5
2020,Sulawesi Barat,Cabai Merah Besar,1281.7,,,exact,partial_supply,True,supply_only,0.004817095246630159,0.5
2020,Sulawesi Selatan,Cabai Merah Besar,17549.2,,,exact,partial_supply,True,supply_only,0.06595780947570985,0.5
2020,Sulawesi Tengah,Cabai Merah Besar,7238.400000000001,,,exact,partial_supply,True,supply_only,0.027205101544362384,0.5
2020,Sulawesi Tenggara,Cabai Merah Besar,1962.5,,,exact,partial_supply,True,supply_only,0.007375853399213989,0.5
2020,Sulawesi Utara,Cabai Merah Besar,8673.5,,,exact,partial_supply,True,supply_only,0.032598864506719984,0.5
2020,Sumatera Barat,Cabai Merah Besar,133189.80000000002,,,exact,partial_supply,True,supply_only,0.5005881385293022,0.5
2020,Sumatera Selatan,Cabai Merah Besar,28496.9,,,exact,partial_supply,True,supply_only,0.10710427925691138,0.5
2020,Sumatera Utara,Cabai Merah Besar,193861.7,,,exact,partial_supply,True,supply_only,0.7286209216634838,0.5
2021,Aceh,Cabai Merah Besar,4310.6,,,exact,partial_supply,True,supply_only,0.016201088443400374,0.5
2021,Bali,Cabai Merah Besar,11746.800000000001,,,exact,partial_supply,True,supply_only,0.044149733235180455,0.5
2021,Banten,Cabai Merah Besar,2113.7000000000003,,,exact,partial_supply,True,supply_only,0.007944132236861867,0.5
2021,Bengkulu,Cabai Merah Besar,34548.3,,,exact,partial_supply,True,supply_only,0.12984821151975773,0.5
2021,DI Yogyakarta,Cabai Merah Besar,2537.7000000000003,,,exact,partial_supply,True,supply_only,0.009537718395345333,0.5
2021,Gorontalo,Cabai Merah Besar,669.8000000000001,,,exact,partial_supply,True,supply_only,0.002517294844799892,0.5
2021,Jambi,Cabai Merah Besar,16121.6,,,exact,partial_supply,True,supply_only,0.06059223494775939,0.5
2021,Jawa Barat,Cabai Merah Besar,173892.6,,,exact,partial_supply,True,supply_only,0.6535678995942098,0.5
2021,Jawa Tengah,Cabai Merah Besar,66914.3,,,exact,partial_supply,True,supply_only,0.25149446058927627,0.5
2021,Jawa Timur,Cabai Merah Besar,97684.8,,,exact,partial_supply,True,supply_only,0.3671440900459166,0.5
2021,Kalimantan Barat,Cabai Merah Besar,2558.0,,,exact,partial_supply,True,supply_only,0.009614015091140649,0.5
2021,Kalimantan Selatan,Cabai Merah Besar,7801.1,,,exact,partial_supply,True,supply_only,0.029319985816481833,0.5
2021,Kalimantan Tengah,Cabai Merah Besar,1290.9,,,exact,partial_supply,True,supply_only,0.004851673059502914,0.5
2021,Kalimantan Timur,Cabai Merah Besar,3156.0,,,exact,partial_supply,True,supply_only,0.011861572927869688,0.5
2021,Kalimantan Utara,Cabai Merah Besar,3923.5,,,exact,partial_supply,True,supply_only,0.01474618938220002,0.5
2021,Kepulauan Bangka Belitung,Cabai Merah Besar,1049.4,,,exact,partial_supply,True,supply_only,0.00394400547159311,0.5
2021,Kepulauan Riau,Cabai Merah Besar,796.8000000000001,,,exact,partial_supply,True,supply_only,0.0029946190007607417,0.5
2021,Lampung,Cabai Merah Besar,13017.7,,,exact,partial_supply,True,supply_only,0.04892635740691781,0.5
2021,Maluku,Cabai Merah Besar,789.0,,,exact,partial_supply,True,supply_only,0.002965303028977319,0.5
2021,Maluku Utara,Cabai Merah Besar,228.60000000000002,,,exact,partial_supply,True,supply_only,0.0008590632100760588,0.5
2021,Nusa Tenggara Barat,Cabai Merah Besar,10713.400000000001,,,exact,partial_supply,True,supply_only,0.040265742819669104,0.5
2021,Nusa Tenggara Timur,Cabai Merah Besar,1844.5,,,exact,partial_supply,True,supply_only,0.0069323553645417035,0.5
2021,Papua,Cabai Merah Besar,2992.9,,,exact,partial_supply,True,supply_only,0.011248568440962487,0.5
2021,Papua Barat,Cabai Merah Besar,567.3000000000001,,,exact,partial_supply,True,supply_only,0.002132052907902356,0.5
2021,Riau,Cabai Merah Besar,1539.2,,,exact,partial_supply,True,supply_only,0.005784898161275189,0.5
2021,Sulawesi Barat,Cabai Merah Besar,1621.6000000000001,,,exact,partial_supply,True,supply_only,0.0060945950939615984,0.5
2021,Sulawesi Selatan,Cabai Merah Besar,15931.400000000001,,,exact,partial_supply,True,supply_only,0.0598773762511944,0.5
2021,Sulawesi Tengah,Cabai Merah Besar,2951.6000000000004,,,exact,partial_supply,True,supply_only,0.011093344128827188,0.5
2021,Sulawesi Tenggara,Cabai Merah Besar,1675.5,,,exact,partial_supply,True,supply_only,0.006297175975900887,0.5
2021,Sulawesi Utara,Cabai Merah Besar,159.5,,,exact,partial_supply,True,supply_only,0.0005993537677383052,0.5
2021,Sumatera Barat,Cabai Merah Besar,39.6,,,exact,partial_supply,True,supply_only,0.0001487146630162118,0.5
2021,Sumatera Selatan,Cabai Merah Besar,7734.3,,,exact,partial_supply,True,supply_only,0.029068920827362267,0.5
2021,Sumatera Utara,Cabai Merah Besar,7464.1,,,exact,partial_supply,True,supply_only,0.028053385497121153,0.5
2022,Aceh,Cabai Merah Besar,1442.9,,,exact,partial_supply,True,supply_only,0.0054229586634875525,0.5
2022,Bali,Cabai Merah Besar,6629.900000000001,,,exact,partial_supply,True,supply_only,0.024918079899463354,0.5
2022,Banten,Cabai Merah Besar,1452.5,,,exact,partial_supply,True,supply_only,0.0054590398595286875,0.5
2022,Bengkulu,Cabai Merah Besar,37249.3,,,exact,partial_supply,True,supply_only,0.13999980636424791,0.5
2022,DI Yogyakarta,Cabai Merah Besar,1719.4,,,exact,partial_supply,True,supply_only,0.006462172278630662,0.5
2022,Gorontalo,Cabai Merah Besar,1548.9,,,exact,partial_supply,True,supply_only,0.005821355203108419,0.5
2022,Jambi,Cabai Merah Besar,4469.5,,,exact,partial_supply,True,supply_only,0.016798307407039578,0.5
2022,Jawa Barat,Cabai Merah Besar,161998.7,,,exact,partial_supply,True,supply_only,0.6088651769282039,0.5
2022,Jawa Tengah,Cabai Merah Besar,50283.8,,,exact,partial_supply,True,supply_only,0.18898942613489117,0.5
2022,Jawa Timur,Cabai Merah Besar,85443.5,,,exact,partial_supply,True,supply_only,0.3211356790981721,0.5
2022,Kalimantan Barat,Cabai Merah Besar,2497.6000000000004,,,exact,partial_supply,True,supply_only,0.009387004232715174,0.5
2022,Kalimantan Selatan,Cabai Merah Besar,6133.700000000001,,,exact,partial_supply,True,supply_only,0.023053133079087185,0.5
2022,Kalimantan Tengah,Cabai Merah Besar,937.1,,,exact,partial_supply,True,supply_only,0.003521930647070247,0.5
2022,Kalimantan Timur,Cabai Merah Besar,2082.6,,,exact,partial_supply,True,supply_only,0.00782724419552027,0.5
2022,Kalimantan Utara,Cabai Merah Besar,5040.900000000001,,,exact,partial_supply,True,supply_only,0.018945890263071308,0.5
2022,Kepulauan Bangka Belitung,Cabai Merah Besar,810.0,,,exact,partial_supply,True,supply_only,0.0030442306453173024,0.5
2022,Kepulauan Riau,Cabai Merah Besar,1046.4,,,exact,partial_supply,True,supply_only,0.003932730097830254,0.5
2022,Lampung,Cabai Merah Besar,6914.6,,,exact,partial_supply,True,supply_only,0.025988112869558266,0.5
2022,Maluku,Cabai Merah Besar,801.0,,,exact,partial_supply,True,supply_only,0.003010404524028738,0.5
2022,Maluku Utara,Cabai Merah Besar,18.5,,,exact,partial_supply,True,supply_only,6.941120088413362e-05,0.5
2022,Nusa Tenggara Barat,Cabai Merah Besar,15637.0,,,exact,partial_supply,True,supply_only,0.058770886239266254,0.5
2022,Nusa Tenggara Timur,Cabai Merah Besar,1514.8000000000002,,,exact,partial_supply,True,supply_only,0.0056931917880039705,0.5
2022,Papua,Cabai Merah Besar,2154.4,,,exact,partial_supply,True,supply_only,0.008097101474244594,0.5
2022,Papua Barat,Cabai Merah Besar,1070.0,,,exact,partial_supply,True,supply_only,0.004021429704764711,0.5
2022,Riau,Cabai Merah Besar,2315.3,,,exact,partial_supply,True,supply_only,0.008701837353725704,0.5
2022,Sulawesi Barat,Cabai Merah Besar,2518.4,,,exact,partial_supply,True,supply_only,0.009465180157470967,0.5
2022,Sulawesi Selatan,Cabai Merah Besar,13396.5,,,exact,partial_supply,True,supply_only,0.050350061267374256,0.5
2022,Sulawesi Tengah,Cabai Merah Besar,1435.6000000000001,,,exact,partial_supply,True,supply_only,0.0053955219206646065,0.5
2022,Sulawesi Tenggara,Cabai Merah Besar,1474.4,,,exact,partial_supply,True,supply_only,0.005541350087997527,0.5
2022,Sulawesi Utara,Cabai Merah Besar,126.5,,,exact,partial_supply,True,supply_only,0.0004753246563469033,0.5
2022,Sumatera Selatan,Cabai Merah Besar,11868.1,,,exact,partial_supply,True,supply_only,0.04460563418099188,0.5
2022,Sumatera Utara,Cabai Merah Besar,26407.5,,,exact,partial_supply,True,supply_only,0.09925135727687516,0.5
2023,Aceh,Cabai Merah Besar,271.6,,,exact,partial_supply,True,supply_only,0.0010206769006769765,0.5
2023,Bali,Cabai Merah Besar,7082.6,,,exact,partial_supply,True,supply_only,0.02661953380027813,0.5
2023,Banten,Cabai Merah Besar,1082.3,,,exact,partial_supply,True,supply_only,0.004067658737192416,0.5
2023,Bengkulu,Cabai Merah Besar,34257.1,,,exact,partial_supply,True,supply_only,0.1287537485731766,0.5
2023,DI Yogyakarta,Cabai Merah Besar,2423.7000000000003,,,exact,partial_supply,True,supply_only,0.009109254192356853,0.5
2023,Jambi,Cabai Merah Besar,1219.6000000000001,,,exact,partial_supply,True,supply_only,0.004583695009739067,0.5
2023,Jawa Barat,Cabai Merah Besar,138671.0,,,exact,partial_supply,True,supply_only,0.5211889980856219,0.5
2023,Jawa Tengah,Cabai Merah Besar,48609.9,,,exact,partial_supply,True,supply_only,0.18269814342101032,0.5
2023,Jawa Timur,Cabai Merah Besar,84711.90000000001,,,exact,partial_supply,True,supply_only,0.31838599128320394,0.5
2023,Kalimantan Barat,Cabai Merah Besar,2541.9,,,exact,partial_supply,True,supply_only,0.00955350391861333,0.5
2023,Kalimantan Selatan,Cabai Merah Besar,6476.0,,,exact,partial_supply,True,supply_only,0.024339653225428904,0.5
2023,Kalimantan Tengah,Cabai Merah Besar,621.3000000000001,,,exact,partial_supply,True,supply_only,0.002335009635633741,0.5
2023,Kalimantan Timur,Cabai Merah Besar,1182.7,,,exact,partial_supply,True,supply_only,0.004445007912455954,0.5
2023,Kalimantan Utara,Cabai Merah Besar,5329.6,,,exact,partial_supply,True,supply_only,0.020030957064850027,0.5
2023,Kepulauan Bangka Belitung,Cabai Merah Besar,956.1,,,exact,partial_supply,True,supply_only,0.003593341347568327,0.5
2023,Kepulauan Riau,Cabai Merah Besar,543.7,,,exact,partial_supply,True,supply_only,0.002043353300967899,0.5
2023,Lampung,Cabai Merah Besar,7139.200000000001,,,exact,partial_supply,True,supply_only,0.02683226251860399,0.5
2023,Maluku,Cabai Merah Besar,387.5,,,exact,partial_supply,True,supply_only,0.0014562821737152635,0.5
2023,Nusa Tenggara Barat,Cabai Merah Besar,10828.800000000001,,,exact,partial_supply,True,supply_only,0.04069946886374691,0.5
2023,Nusa Tenggara Timur,Cabai Merah Besar,1303.9,,,exact,partial_supply,True,supply_only,0.004900533012475284,0.5
2023,Papua,Cabai Merah Besar,245.5,,,exact,partial_supply,True,supply_only,0.0009225811489401403,0.5
2023,Papua Barat,Cabai Merah Besar,336.8,,,exact,partial_supply,True,supply_only,0.001265728357123019,0.5
2023,Papua Barat Daya,Cabai Merah Besar,148.3,,,exact,partial_supply,True,supply_only,0.0005572590390236475,0.5
2023,Papua Pegunungan,Cabai Merah Besar,1.4000000000000001,,,exact,partial_supply,True,supply_only,5.14157043586175e-06,0.5
2023,Papua Selatan,Cabai Merah Besar,704.2,,,exact,partial_supply,True,supply_only,0.002646585797280626,0.5
2023,Papua Tengah,Cabai Merah Besar,1442.8000000000002,,,exact,partial_supply,True,supply_only,0.005422582817695458,0.5
2023,Riau,Cabai Merah Besar,1239.2,,,exact,partial_supply,True,supply_only,0.0046573607849897175,0.5
2023,Sulawesi Barat,Cabai Merah Besar,2859.3,,,exact,partial_supply,True,supply_only,0.010746438462723358,0.5
2023,Sulawesi Selatan,Cabai Merah Besar,12348.6,,,exact,partial_supply,True,supply_only,0.04641157321200911,0.5
2023,Sulawesi Tengah,Cabai Merah Besar,2612.8,,,exact,partial_supply,True,supply_only,0.009819978585208795,0.5
2023,Sulawesi Tenggara,Cabai Merah Besar,1763.7,,,exact,partial_supply,True,supply_only,0.006628671964528816,0.5
2023,Sulawesi Utara,Cabai Merah Besar,15.700000000000001,,,exact,partial_supply,True,supply_only,5.888751870546922e-05,0.5
2023,Sumatera Barat,Cabai Merah Besar,0.6000000000000001,,,exact,partial_supply,True,supply_only,2.134804099100493e-06,0.5
2023,Sumatera Selatan,Cabai Merah Besar,3011.6000000000004,,,exact,partial_supply,True,supply_only,0.011318851604084282,0.5
2023,Sumatera Utara,Cabai Merah Besar,12669.800000000001,,,exact,partial_supply,True,supply_only,0.047618789896218754,0.5
2024,Aceh,Cabai Merah Besar,3426.6000000000004,,,exact,partial_supply,True,supply_only,0.012878611641279184,0.5
2024,Bali,Cabai Merah Besar,7614.564,,,exact,partial_supply,True,supply_only,0.02861889810973921,0.5
2024,Banten,Cabai Merah Besar,284.189,,,exact,partial_supply,True,supply_only,0.001067992127443836,0.5
2024,Bengkulu,Cabai Merah Besar,29653.184999999998,,,exact,partial_supply,True,supply_only,0.11145012777403884,0.5
2024,DI Yogyakarta,Cabai Merah Besar,2999.4300000000003,,,exact,partial_supply,True,supply_only,0.011273111171186302,0.5
2024,DKI Jakarta,Cabai Merah Besar,0.12,,,exact,partial_supply,True,supply_only,3.3074429704373827e-07,0.5
2024,Jambi,Cabai Merah Besar,1115.6000000000001,,,exact,partial_supply,True,supply_only,0.004192815385960103,0.5
2024,Jawa Barat,Cabai Merah Besar,144134.045,,,exact,partial_supply,True,supply_only,0.5417216228383868,0.5
2024,Jawa Tengah,Cabai Merah Besar,40769.986000000004,,,exact,partial_supply,True,supply_only,0.15323215654813122,0.5
2024,Jawa Timur,Cabai Merah Besar,81426.51000000001,,,exact,partial_supply,True,supply_only,0.3060379912142889,0.5
2024,Kalimantan Barat,Cabai Merah Besar,2440.739,,,exact,partial_supply,True,supply_only,0.009173294556871946,0.5
2024,Kalimantan Selatan,Cabai Merah Besar,8193.035000000002,,,exact,partial_supply,True,supply_only,0.030793057021729995,0.5
2024,Kalimantan Tengah,Cabai Merah Besar,779.4000000000001,,,exact,partial_supply,True,supply_only,0.0029292218329361845,0.5
2024,Kalimantan Timur,Cabai Merah Besar,1007.348,,,exact,partial_supply,True,supply_only,0.003785954799101253,0.5
2024,Kalimantan Utara,Cabai Merah Besar,5572.885,,,exact,partial_supply,True,supply_only,0.020945333500148728,0.5
2024,Kepulauan Riau,Cabai Merah Besar,449.684,,,exact,partial_supply,True,supply_only,0.001689998121071716,0.5
2024,Lampung,Cabai Merah Besar,5985.81,,,exact,partial_supply,True,supply_only,0.022497294737157655,0.5
2024,Maluku,Cabai Merah Besar,437.39,,,exact,partial_supply,True,supply_only,0.0016437916393915375,0.5
2024,Maluku Utara,Cabai Merah Besar,30.5,,,exact,partial_supply,True,supply_only,0.00011451269593555248,0.5
2024,Nusa Tenggara Barat,Cabai Merah Besar,10444.536,,,exact,partial_supply,True,supply_only,0.039255228789210374,0.5
2024,Nusa Tenggara Timur,Cabai Merah Besar,1282.941,,,exact,partial_supply,True,supply_only,0.00482175949291006,0.5
2024,Papua,Cabai Merah Besar,412.374,,,exact,partial_supply,True,supply_only,0.001549770056041013,0.5
2024,Papua Barat,Cabai Merah Besar,118.511,,,exact,partial_supply,True,supply_only,0.00044529833601642123,0.5
2024,Papua Barat Daya,Cabai Merah Besar,123.279,,,exact,partial_supply,True,supply_only,0.0004632186633835183,0.5
2024,Papua Selatan,Cabai Merah Besar,247.48000000000002,,,exact,partial_supply,True,supply_only,0.0009300228956236245,0.5
2024,Papua Tengah,Cabai Merah Besar,1582.3000000000002,,,exact,partial_supply,True,supply_only,0.0059468876976682015,0.5
2024,Riau,Cabai Merah Besar,1139.6100000000001,,,exact,partial_supply,True,supply_only,0.004283055960642151,0.5
2024,Sulawesi Barat,Cabai Merah Besar,2350.701,,,exact,partial_supply,True,supply_only,0.008834890522585308,0.5
2024,Sulawesi Selatan,Cabai Merah Besar,16225.5,,,exact,partial_supply,True,supply_only,0.060982738725746256,0.5
2024,Sulawesi Tengah,Cabai Merah Besar,2576.489,,,exact,partial_supply,True,supply_only,0.009683505219641122,0.5
2024,Sulawesi Tenggara,Cabai Merah Besar,1623.0290000000002,,,exact,partial_supply,True,supply_only,0.006099965930330639,0.5
2024,Sulawesi Utara,Cabai Merah Besar,22.85,,,exact,partial_supply,True,supply_only,8.576049284027297e-05,0.5
2024,Sumatera Barat,Cabai Merah Besar,0.22599999999999998,,,exact,partial_supply,True,supply_only,7.291408366646048e-07,0.5
2024,Sumatera Selatan,Cabai Merah Besar,6603.79,,,exact,partial_supply,True,supply_only,0.024819946563147306,0.5
2024,Sumatera Utara,Cabai Merah Besar,2929.419,,,exact,partial_supply,True,supply_only,0.01100997777368256,0.5
2025,Aceh,Cabai Merah Besar,129.25,,,exact,partial_supply,True,supply_only,0.0004856604156295201,0.5
2025,Bali,Cabai Merah Besar,5544.585,,,exact,partial_supply,True,supply_only,0.0208389691409858,0.5
2025,Banten,Cabai Merah Besar,321.33200000000005,,,exact,partial_supply,True,supply_only,0.0012075925300017401,0.5
2025,Bengkulu,Cabai Merah Besar,19415.370000000003,,,exact,partial_supply,True,supply_only,0.07297173089405205,0.5
2025,DI Yogyakarta,Cabai Merah Besar,2807.518,,,exact,partial_supply,True,supply_only,0.010551817994660644,0.5
2025,DKI Jakarta,Cabai Merah Besar,0.032,,,exact,partial_supply,True,supply_only,0.0,0.5
2025,Jambi,Cabai Merah Besar,653.5,,,exact,partial_supply,True,supply_only,0.002456031980688381,0.5
2025,Jawa Barat,Cabai Merah Besar,137216.821,,,exact,partial_supply,True,supply_only,0.5157235275045904,0.5
2025,Jawa Tengah,Cabai Merah Besar,50122.863000000005,,,exact,partial_supply,True,supply_only,0.188384551192467,0.5
2025,Jawa Timur,Cabai Merah Besar,104535.644,,,exact,partial_supply,True,supply_only,0.3928926989429201,0.5
2025,Kalimantan Barat,Cabai Merah Besar,2849.542,,,exact,partial_supply,True,supply_only,0.010709763430330711,0.5
2025,Kalimantan Selatan,Cabai Merah Besar,7836.004,,,exact,partial_supply,True,supply_only,0.029451171031754726,0.5
2025,Kalimantan Tengah,Cabai Merah Besar,613.6899999999999,,,exact,partial_supply,True,supply_only,0.002306407770855299,0.5
2025,Kalimantan Timur,Cabai Merah Besar,1102.6209999999999,,,exact,partial_supply,True,supply_only,0.004144034360604072,0.5
2025,Kalimantan Utara,Cabai Merah Besar,5381.263,,,exact,partial_supply,True,supply_only,0.020225130276420145,0.5
2025,Kepulauan Riau,Cabai Merah Besar,343.117,,,exact,partial_supply,True,supply_only,0.00128947053580967,0.5
2025,Lampung,Cabai Merah Besar,4596.202,,,exact,partial_supply,True,supply_only,0.017274511542539984,0.5
2025,Maluku,Cabai Merah Besar,126.13,,,exact,partial_supply,True,supply_only,0.00047393402691615124,0.5
2025,Maluku Utara,Cabai Merah Besar,49.365,,,exact,partial_supply,True,supply_only,0.00018541600461430388,0.5
2025,Nusa Tenggara Barat,Cabai Merah Besar,10070.466,,,exact,partial_supply,True,supply_only,0.03784930243472002,0.5
2025,Nusa Tenggara Timur,Cabai Merah Besar,1356.642,,,exact,partial_supply,True,supply_only,0.005098761600142112,0.5
2025,Papua,Cabai Merah Besar,49.135000000000005,,,exact,partial_supply,True,supply_only,0.00018455155929248505,0.5
2025,Papua Barat,Cabai Merah Besar,48.291000000000004,,,exact,partial_supply,True,supply_only,0.00018137942080720192,0.5
2025,Papua Barat Daya,Cabai Merah Besar,142.65,,,exact,partial_supply,True,supply_only,0.0005360237517702712,0.5
2025,Papua Pegunungan,Cabai Merah Besar,1.3,,,exact,partial_supply,True,supply_only,4.7657246437665924e-06,0.5
2025,Papua Selatan,Cabai Merah Besar,786.3050000000001,,,exact,partial_supply,True,supply_only,0.002955173984880355,0.5
2025,Papua Tengah,Cabai Merah Besar,978.3000000000001,,,exact,partial_supply,True,supply_only,0.003676779113413452,0.5
2025,Riau,Cabai Merah Besar,1208.226,,,exact,partial_supply,True,supply_only,0.004540946309346164,0.5
2025,Sulawesi Barat,Cabai Merah Besar,2022.1330000000003,,,exact,partial_supply,True,supply_only,0.007599981520414095,0.5
2025,Sulawesi Selatan,Cabai Merah Besar,15880.137,,,exact,partial_supply,True,supply_only,0.05968470642279266,0.5
2025,Sulawesi Tengah,Cabai Merah Besar,1323.584,,,exact,partial_supply,True,supply_only,0.004974514498191295,0.5
2025,Sulawesi Tenggara,Cabai Merah Besar,1138.747,,,exact,partial_supply,True,supply_only,0.004279812411456369,0.5
2025,Sulawesi Utara,Cabai Merah Besar,6.65,,,exact,partial_supply,True,supply_only,2.48734745208575e-05,0.5
2025,Sumatera Selatan,Cabai Merah Besar,5485.485000000001,,,exact,partial_supply,True,supply_only,0.020616844277857562,0.5
2025,Sumatera Utara,Cabai Merah Besar,2973.5470000000005,,,exact,partial_supply,True,supply_only,0.011175831004818313,0.5
2020,Aceh,Cabai Rawit,64781.600000000006,,,exact,partial_supply,True,supply_only,0.0945794305743487,0.5
2020,Bali,Cabai Rawit,35331.3,,,exact,partial_supply,True,supply_only,0.0515827015044176,0.5
2020,Banten,Cabai Rawit,5861.0,,,exact,partial_supply,True,supply_only,0.00855677291592816,0.5
2020,Bengkulu,Cabai Rawit,11475.7,,,exact,partial_supply,True,supply_only,0.016754099758403182,0.5
2020,DI Yogyakarta,Cabai Rawit,15052.300000000001,,,exact,partial_supply,True,supply_only,0.02197584966219077,0.5
2020,Gorontalo,Cabai Rawit,14729.2,,,exact,partial_supply,True,supply_only,0.02150413143988082,0.5
2020,Jambi,Cabai Rawit,13588.0,,,exact,partial_supply,True,supply_only,0.01983800691094205,0.5
2020,Jawa Barat,Cabai Rawit,130838.5,,,exact,partial_supply,True,supply_only,0.19102091444716257,0.5
2020,Jawa Tengah,Cabai Rawit,159098.90000000002,,,exact,partial_supply,True,supply_only,0.23228041816046538,0.5
2020,Jawa Timur,Cabai Rawit,684942.9,,,exact,partial_supply,True,supply_only,1.0,0.5
2020,Kalimantan Barat,Cabai Rawit,6132.5,,,exact,partial_supply,True,supply_only,0.0089531563803576,0.5
2020,Kalimantan Selatan,Cabai Rawit,15615.800000000001,,,exact,partial_supply,True,supply_only,0.022798546097571943,0.5
2020,Kalimantan Tengah,Cabai Rawit,6124.1,,,exact,partial_supply,True,supply_only,0.008940892582563097,0.5
2020,Kalimantan Timur,Cabai Rawit,9081.0,,,exact,partial_supply,True,supply_only,0.01325789540382058,0.5
2020,Kalimantan Utara,Cabai Rawit,3330.4,,,exact,partial_supply,True,supply_only,0.004862157832741654,0.5
2020,Kepulauan Bangka Belitung,Cabai Rawit,3385.9,,,exact,partial_supply,True,supply_only,0.004943186496741042,0.5
2020,Kepulauan Riau,Cabai Rawit,2230.1,,,exact,partial_supply,True,supply_only,0.0032557463192546877,0.5
2020,Lampung,Cabai Rawit,10558.1,,,exact,partial_supply,True,supply_only,0.015414425846946635,0.5
2020,Maluku,Cabai Rawit,5027.3,,,exact,partial_supply,True,supply_only,0.007339590984823841,0.5
2020,Maluku Utara,Cabai Rawit,4527.5,,,exact,partial_supply,True,supply_only,0.006609895016050974,0.5
2020,Nusa Tenggara Barat,Cabai Rawit,98941.40000000001,,,exact,partial_supply,True,supply_only,0.14445191627680443,0.5
2020,Nusa Tenggara Timur,Cabai Rawit,10467.900000000001,,,exact,partial_supply,True,supply_only,0.015282736018248531,0.5
2020,Papua,Cabai Rawit,3436.4,,,exact,partial_supply,True,supply_only,0.005016915281100845,0.5
2020,Papua Barat,Cabai Rawit,2350.5,,,exact,partial_supply,True,supply_only,0.003431527420975883,0.5
2020,Riau,Cabai Rawit,8627.0,,,exact,partial_supply,True,supply_only,0.012595066332546308,0.5
2020,Sulawesi Barat,Cabai Rawit,1398.7,,,exact,partial_supply,True,supply_only,0.002041922332784577,0.5
2020,Sulawesi Selatan,Cabai Rawit,24051.600000000002,,,exact,partial_supply,True,supply_only,0.035114611030293334,0.5
2020,Sulawesi Tengah,Cabai Rawit,25041.7,,,exact,partial_supply,True,supply_only,0.036560133196523854,0.5
2020,Sulawesi Tenggara,Cabai Rawit,3801.4,,,exact,partial_supply,True,supply_only,0.005549806494790514,0.5
2020,Sulawesi Utara,Cabai Rawit,22414.5,,,exact,partial_supply,True,supply_only,0.032724484438700574,0.5
2020,Sumatera Barat,Cabai Rawit,33355.9,,,exact,partial_supply,True,supply_only,0.04869866505641055,0.5
2020,Sumatera Selatan,Cabai Rawit,11645.0,,,exact,partial_supply,True,supply_only,0.017001273682999512,0.5
2020,Sumatera Utara,Cabai Rawit,61160.100000000006,,,exact,partial_supply,True,supply_only,0.08929212775139764,0.5
2021,Aceh,Cabai Rawit,51686.3,,,exact,partial_supply,True,supply_only,0.0754606078054985,0.5
2021,Bali,Cabai Rawit,29174.9,,,exact,partial_supply,True,supply_only,0.04259450570178999,0.5
2021,Banten,Cabai Rawit,3993.3,,,exact,partial_supply,True,supply_only,0.0058299758753577674,0.5
2021,Bengkulu,Cabai Rawit,16278.1,,,exact,partial_supply,True,supply_only,0.023765488154631306,0.5
2021,DI Yogyakarta,Cabai Rawit,15933.2,,,exact,partial_supply,True,supply_only,0.023261942457092767,0.5
2021,DKI Jakarta,Cabai Rawit,0.6000000000000001,,,exact,partial_supply,True,supply_only,7.299879639584503e-07,0.5
2021,Gorontalo,Cabai Rawit,13031.800000000001,,,exact,partial_supply,True,supply_only,0.01902596829983467,0.5
2021,Jambi,Cabai Rawit,11526.1,,,exact,partial_supply,True,supply_only,0.016827682545170194,0.5
2021,Jawa Barat,Cabai Rawit,137456.30000000002,,,exact,partial_supply,True,supply_only,0.20068274314293105,0.5
2021,Jawa Tengah,Cabai Rawit,179286.90000000002,,,exact,partial_supply,True,supply_only,0.26175441219325174,0.5
2021,Jawa Timur,Cabai Rawit,578883.0,,,exact,partial_supply,True,supply_only,0.8451550990827263,0.5
2021,Kalimantan Barat,Cabai Rawit,6331.8,,,exact,partial_supply,True,supply_only,0.009244129582791439,0.5
2021,Kalimantan Selatan,Cabai Rawit,11757.7,,,exact,partial_supply,True,supply_only,0.017165812970075748,0.5
2021,Kalimantan Tengah,Cabai Rawit,6961.400000000001,,,exact,partial_supply,True,supply_only,0.010163330427007919,0.5
2021,Kalimantan Timur,Cabai Rawit,8367.1,,,exact,partial_supply,True,supply_only,0.012215618588880706,0.5
2021,Kalimantan Utara,Cabai Rawit,5818.900000000001,,,exact,partial_supply,True,supply_only,0.00849530792936286,0.5
2021,Kepulauan Bangka Belitung,Cabai Rawit,3954.1000000000004,,,exact,partial_supply,True,supply_only,0.005772744818983425,0.5
2021,Kepulauan Riau,Cabai Rawit,1627.0,,,exact,partial_supply,True,supply_only,0.0023752348371280053,0.5
2021,Lampung,Cabai Rawit,10921.300000000001,,,exact,partial_supply,True,supply_only,0.015944689103966053,0.5
2021,Maluku,Cabai Rawit,3596.2000000000003,,,exact,partial_supply,True,supply_only,0.005250219434381966,0.5
2021,Maluku Utara,Cabai Rawit,3732.5,,,exact,partial_supply,True,supply_only,0.005449214153357039,0.5
2021,Nusa Tenggara Barat,Cabai Rawit,62538.9,,,exact,partial_supply,True,supply_only,0.09130514256080946,0.5
2021,Nusa Tenggara Timur,Cabai Rawit,9075.9,,,exact,partial_supply,True,supply_only,0.013250449526588203,0.5
2021,Papua,Cabai Rawit,5054.1,,,exact,partial_supply,True,supply_only,0.007378718339692014,0.5
2021,Papua Barat,Cabai Rawit,3807.6000000000004,,,exact,partial_supply,True,supply_only,0.005558858345543599,0.5
2021,Riau,Cabai Rawit,6693.900000000001,,,exact,partial_supply,True,supply_only,0.009772786866290148,0.5
2021,Sulawesi Barat,Cabai Rawit,3335.7000000000003,,,exact,partial_supply,True,supply_only,0.004869895705159614,0.5
2021,Sulawesi Selatan,Cabai Rawit,26423.2,,,exact,partial_supply,True,supply_only,0.038577089940941056,0.5
2021,Sulawesi Tengah,Cabai Rawit,22198.5,,,exact,partial_supply,True,supply_only,0.03240912963827052,0.5
2021,Sulawesi Tenggara,Cabai Rawit,4286.7,,,exact,partial_supply,True,supply_only,0.006258332812608585,0.5
2021,Sulawesi Utara,Cabai Rawit,17370.600000000002,,,exact,partial_supply,True,supply_only,0.025360511855880525,0.5
2021,Sumatera Barat,Cabai Rawit,35117.9,,,exact,partial_supply,True,supply_only,0.051271142641400126,0.5
2021,Sumatera Selatan,Cabai Rawit,11562.400000000001,,,exact,partial_supply,True,supply_only,0.01688067967135358,0.5
2021,Sumatera Utara,Cabai Rawit,78663.0,,,exact,partial_supply,True,supply_only,0.11484594042013434,0.5
2022,Aceh,Cabai Rawit,65308.200000000004,,,exact,partial_supply,True,supply_only,0.09534825389798973,0.5
2022,Bali,Cabai Rawit,28318.2,,,exact,partial_supply,True,supply_only,0.04134374432434358,0.5
2022,Banten,Cabai Rawit,3909.8,,,exact,partial_supply,True,supply_only,0.005708067885376706,0.5
2022,Bengkulu,Cabai Rawit,21426.600000000002,,,exact,partial_supply,True,supply_only,0.031282174219511474,0.5
2022,DI Yogyakarta,Cabai Rawit,15197.7,,,exact,partial_supply,True,supply_only,0.022188130162109885,0.5
2022,DKI Jakarta,Cabai Rawit,0.1,,,exact,partial_supply,True,supply_only,0.0,0.5
2022,Gorontalo,Cabai Rawit,14805.5,,,exact,partial_supply,True,supply_only,0.021615527603180876,0.5
2022,Jambi,Cabai Rawit,12428.900000000001,,,exact,partial_supply,True,supply_only,0.01814574881289357,0.5
2022,Jawa Barat,Cabai Rawit,149053.1,,,exact,partial_supply,True,supply_only,0.21761379198379777,0.5
2022,Jawa Tengah,Cabai Rawit,242303.2,,,exact,partial_supply,True,supply_only,0.35375669325964154,0.5
2022,Jawa Timur,Cabai Rawit,646740.2000000001,,,exact,partial_supply,True,supply_only,0.944224977618569,0.5
2022,Kalimantan Barat,Cabai Rawit,6192.6,,,exact,partial_supply,True,supply_only,0.009040900933625405,0.5
2022,Kalimantan Selatan,Cabai Rawit,11763.6,,,exact,partial_supply,True,supply_only,0.017174426828050458,0.5
2022,Kalimantan Tengah,Cabai Rawit,5419.1,,,exact,partial_supply,True,supply_only,0.007911609553381682,0.5
2022,Kalimantan Timur,Cabai Rawit,7777.900000000001,,,exact,partial_supply,True,supply_only,0.011355400772152068,0.5
2022,Kalimantan Utara,Cabai Rawit,5875.1,,,exact,partial_supply,True,supply_only,0.00857735857651179,0.5
2022,Kepulauan Bangka Belitung,Cabai Rawit,3709.8,,,exact,partial_supply,True,supply_only,0.005416072699793326,0.5
2022,Kepulauan Riau,Cabai Rawit,1772.9,,,exact,partial_supply,True,supply_only,0.0025882453250110813,0.5
2022,Lampung,Cabai Rawit,11193.400000000001,,,exact,partial_supply,True,supply_only,0.016341948553952244,0.5
2022,Maluku,Cabai Rawit,3846.5,,,exact,partial_supply,True,supply_only,0.005615651409139566,0.5
2022,Maluku Utara,Cabai Rawit,2872.9,,,exact,partial_supply,True,supply_only,0.004194218845719672,0.5
2022,Nusa Tenggara Barat,Cabai Rawit,50078.4,,,exact,partial_supply,True,supply_only,0.07311311251100092,0.5
2022,Nusa Tenggara Timur,Cabai Rawit,19881.2,,,exact,partial_supply,True,supply_only,0.02902592742050869,0.5
2022,Papua,Cabai Rawit,4335.5,,,exact,partial_supply,True,supply_only,0.006329579637890929,0.5
2022,Papua Barat,Cabai Rawit,4106.5,,,exact,partial_supply,True,supply_only,0.0059952451503979595,0.5
2022,Riau,Cabai Rawit,7428.8,,,exact,partial_supply,True,supply_only,0.010845723175716278,0.5
2022,Sulawesi Barat,Cabai Rawit,3495.9,,,exact,partial_supply,True,supply_only,0.005103783848811901,0.5
2022,Sulawesi Selatan,Cabai Rawit,23761.4,,,exact,partial_supply,True,supply_only,0.03469092601601185,0.5
2022,Sulawesi Tengah,Cabai Rawit,25388.7,,,exact,partial_supply,True,supply_only,0.037066744843511024,0.5
2022,Sulawesi Tenggara,Cabai Rawit,3914.5,,,exact,partial_supply,True,supply_only,0.005714929772237915,0.5
2022,Sulawesi Utara,Cabai Rawit,19006.2,,,exact,partial_supply,True,supply_only,0.027748448483581403,0.5
2022,Sumatera Barat,Cabai Rawit,26655.800000000003,,,exact,partial_supply,True,supply_only,0.03891668034177453,0.5
2022,Sumatera Selatan,Cabai Rawit,9460.6,,,exact,partial_supply,True,supply_only,0.013812102266057837,0.5
2022,Sumatera Utara,Cabai Rawit,87012.20000000001,,,exact,partial_supply,True,supply_only,0.12703557143749813,0.5
2023,Aceh,Cabai Rawit,72920.2,,,exact,partial_supply,True,supply_only,0.10646159066129315,0.5
2023,Bali,Cabai Rawit,20523.0,,,exact,partial_supply,True,supply_only,0.02996293997104576,0.5
2023,Banten,Cabai Rawit,3226.9,,,exact,partial_supply,True,supply_only,0.004711050324202254,0.5
2023,Bengkulu,Cabai Rawit,22546.2,,,exact,partial_supply,True,supply_only,0.03291676326840723,0.5
2023,DI Yogyakarta,Cabai Rawit,21383.600000000002,,,exact,partial_supply,True,supply_only,0.031219395254611045,0.5
2023,DKI Jakarta,Cabai Rawit,1.5,,,exact,partial_supply,True,supply_only,2.0439662990836603e-06,0.5
2023,Gorontalo,Cabai Rawit,15522.6,,,exact,partial_supply,True,supply_only,0.022662476341090088,0.5
2023,Jambi,Cabai Rawit,16086.800000000001,,,exact,partial_supply,True,supply_only,0.023486194759620802,0.5
2023,Jawa Barat,Cabai Rawit,163989.1,,,exact,partial_supply,True,supply_only,0.2394199924431646,0.5
2023,Jawa Tengah,Cabai Rawit,249207.7,,,exact,partial_supply,True,supply_only,0.36383709705394374,0.5
2023,Jawa Timur,Cabai Rawit,562816.1,,,exact,partial_supply,True,supply_only,0.8216978118464782,0.5
2023,Kalimantan Barat,Cabai Rawit,8278.300000000001,,,exact,partial_supply,True,supply_only,0.012085972726481686,0.5
2023,Kalimantan Selatan,Cabai Rawit,13255.1,,,exact,partial_supply,True,supply_only,0.019351980924538516,0.5
2023,Kalimantan Tengah,Cabai Rawit,6968.700000000001,,,exact,partial_supply,True,supply_only,0.010173988251281713,0.5
2023,Kalimantan Timur,Cabai Rawit,7470.400000000001,,,exact,partial_supply,True,supply_only,0.010906458174317622,0.5
2023,Kalimantan Utara,Cabai Rawit,6371.200000000001,,,exact,partial_supply,True,supply_only,0.009301652634351365,0.5
2023,Kepulauan Bangka Belitung,Cabai Rawit,5507.900000000001,,,exact,partial_supply,True,supply_only,0.008041255415780704,0.5
2023,Kepulauan Riau,Cabai Rawit,1244.9,,,exact,partial_supply,True,supply_only,0.001817378035070958,0.5
2023,Lampung,Cabai Rawit,14070.1,,,exact,partial_supply,True,supply_only,0.02054186130579079,0.5
2023,Maluku,Cabai Rawit,4530.7,,,exact,partial_supply,True,supply_only,0.006614566939020308,0.5
2023,Maluku Utara,Cabai Rawit,3717.4,,,exact,partial_supply,True,supply_only,0.005427168516845494,0.5
2023,Nusa Tenggara Barat,Cabai Rawit,67963.1,,,exact,partial_supply,True,supply_only,0.0992243439890163,0.5
2023,Nusa Tenggara Timur,Cabai Rawit,9073.6,,,exact,partial_supply,True,supply_only,0.013247091581953996,0.5
2023,Papua,Cabai Rawit,795.3000000000001,,,exact,partial_supply,True,supply_only,0.0011609728578795193,0.5
2023,Papua Barat,Cabai Rawit,1045.7,,,exact,partial_supply,True,supply_only,0.0015265508302299113,0.5
2023,Papua Barat Daya,Cabai Rawit,1964.6000000000001,,,exact,partial_supply,True,supply_only,0.002868122710392751,0.5
2023,Papua Pegunungan,Cabai Rawit,52.6,,,exact,partial_supply,True,supply_only,7.664873621563727e-05,0.5
2023,Papua Selatan,Cabai Rawit,1150.3,,,exact,partial_supply,True,supply_only,0.001679264312290019,0.5
2023,Papua Tengah,Cabai Rawit,2557.7000000000003,,,exact,partial_supply,True,supply_only,0.003734034433240265,0.5
2023,Riau,Cabai Rawit,6606.8,,,exact,partial_supply,True,supply_only,0.009645622962968586,0.5
2023,Sulawesi Barat,Cabai Rawit,3709.9,,,exact,partial_supply,True,supply_only,0.005416218697386117,0.5
2023,Sulawesi Selatan,Cabai Rawit,28417.7,,,exact,partial_supply,True,supply_only,0.041489011929171316,0.5
2023,Sulawesi Tengah,Cabai Rawit,21552.100000000002,,,exact,partial_supply,True,supply_only,0.03146540119846504,0.5
2023,Sulawesi Tenggara,Cabai Rawit,4529.0,,,exact,partial_supply,True,supply_only,0.00661208497994285,0.5
2023,Sulawesi Utara,Cabai Rawit,17978.4,,,exact,partial_supply,True,supply_only,0.026247885224868414,0.5
2023,Sumatera Barat,Cabai Rawit,25081.2,,,exact,partial_supply,True,supply_only,0.036617802245676574,0.5
2023,Sumatera Selatan,Cabai Rawit,7765.5,,,exact,partial_supply,True,supply_only,0.011337297070645899,0.5
2023,Sumatera Utara,Cabai Rawit,86880.20000000001,,,exact,partial_supply,True,supply_only,0.1268428546150131,0.5
2024,Aceh,Cabai Rawit,64493.916000000005,,,exact,partial_supply,True,supply_only,0.09415941885950185,0.5
2024,Bali,Cabai Rawit,23190.706000000002,,,exact,partial_supply,True,supply_only,0.033857726513805246,0.5
2024,Banten,Cabai Rawit,2705.126,,,exact,partial_supply,True,supply_only,0.003949272844389342,0.5
2024,Bengkulu,Cabai Rawit,24207.910000000003,,,exact,partial_supply,True,supply_only,0.03534281986758603,0.5
2024,DI Yogyakarta,Cabai Rawit,29084.406000000003,,,exact,partial_supply,True,supply_only,0.04246238664016908,0.5
2024,DKI Jakarta,Cabai Rawit,40.415,,,exact,partial_supply,True,supply_only,5.8858929533969833e-05,0.5
2024,Gorontalo,Cabai Rawit,10372.04,,,exact,partial_supply,True,supply_only,0.015142782725798417,0.5
2024,Jambi,Cabai Rawit,43578.476,,,exact,partial_supply,True,supply_only,0.06362337993771158,0.5
2024,Jawa Barat,Cabai Rawit,163755.885,,,exact,partial_supply,True,supply_only,0.23907950415713544,0.5
2024,Jawa Tengah,Cabai Rawit,248067.01600000003,,,exact,partial_supply,True,supply_only,0.36217172587258384,0.5
2024,Jawa Timur,Cabai Rawit,568997.904,,,exact,partial_supply,True,supply_only,0.8307230968775786,0.5
2024,Kalimantan Barat,Cabai Rawit,9467.993,,,exact,partial_supply,True,supply_only,0.013822895868092926,0.5
2024,Kalimantan Selatan,Cabai Rawit,12575.372000000001,,,exact,partial_supply,True,supply_only,0.018359594407007417,0.5
2024,Kalimantan Tengah,Cabai Rawit,3979.5,,,exact,partial_supply,True,supply_only,0.005809828207552514,0.5
2024,Kalimantan Timur,Cabai Rawit,6467.569,,,exact,partial_supply,True,supply_only,0.009442349054548788,0.5
2024,Kalimantan Utara,Cabai Rawit,6951.629,,,exact,partial_supply,True,supply_only,0.010149065002216242,0.5
2024,Kepulauan Bangka Belitung,Cabai Rawit,6009.278,,,exact,partial_supply,True,supply_only,0.008773255226567824,0.5
2024,Kepulauan Riau,Cabai Rawit,1487.7920000000001,,,exact,partial_supply,True,supply_only,0.0021719945081545497,0.5
2024,Lampung,Cabai Rawit,11333.383000000002,,,exact,partial_supply,True,supply_only,0.016546320364269836,0.5
2024,Maluku,Cabai Rawit,3940.3190000000004,,,exact,partial_supply,True,supply_only,0.005752624890720802,0.5
2024,Maluku Utara,Cabai Rawit,4037.5110000000004,,,exact,partial_supply,True,supply_only,0.005894522871106901,0.5
2024,Nusa Tenggara Barat,Cabai Rawit,94155.22600000001,,,exact,partial_supply,True,supply_only,0.1374642174499827,0.5
2024,Nusa Tenggara Timur,Cabai Rawit,11289.123,,,exact,partial_supply,True,supply_only,0.01648170182970023,0.5
2024,Papua,Cabai Rawit,1418.44,,,exact,partial_supply,True,supply_only,0.0020707422576016566,0.5
2024,Papua Barat,Cabai Rawit,1292.6260000000002,,,exact,partial_supply,True,supply_only,0.00188705684620672,0.5
2024,Papua Barat Daya,Cabai Rawit,3324.984,,,exact,partial_supply,True,supply_only,0.004854250603116055,0.5
2024,Papua Selatan,Cabai Rawit,1560.7420000000002,,,exact,partial_supply,True,supply_only,0.002278499752096088,0.5
2024,Papua Tengah,Cabai Rawit,4023.34,,,exact,partial_supply,True,supply_only,0.005873833552232391,0.5
2024,Riau,Cabai Rawit,6285.638,,,exact,partial_supply,True,supply_only,0.009176734174006938,0.5
2024,Sulawesi Barat,Cabai Rawit,3275.337,,,exact,partial_supply,True,supply_only,0.004781767178222766,0.5
2024,Sulawesi Selatan,Cabai Rawit,36457.13,,,exact,partial_supply,True,supply_only,0.05322638620334427,0.5
2024,Sulawesi Tengah,Cabai Rawit,22956.757,,,exact,partial_supply,True,supply_only,0.033516166605445014,0.5
2024,Sulawesi Tenggara,Cabai Rawit,3891.556,,,exact,partial_supply,True,supply_only,0.00568143208454779,0.5
2024,Sulawesi Utara,Cabai Rawit,13295.576000000001,,,exact,partial_supply,True,supply_only,0.01941107491019688,0.5
2024,Sumatera Barat,Cabai Rawit,27716.369000000002,,,exact,partial_supply,True,supply_only,0.04046508555166943,0.5
2024,Sumatera Selatan,Cabai Rawit,8951.957,,,exact,partial_supply,True,supply_only,0.013069495730154401,0.5
2024,Sumatera Utara,Cabai Rawit,84118.03000000001,,,exact,partial_supply,True,supply_only,0.12281015290619889,0.5
2025,Aceh,Cabai Rawit,112302.144,,,exact,partial_supply,True,supply_only,0.16395828089586456,0.5
2025,Bali,Cabai Rawit,27280.977000000003,,,exact,partial_supply,True,supply_only,0.039829423712461835,0.5
2025,Banten,Cabai Rawit,7621.3369999999995,,,exact,partial_supply,True,supply_only,0.011126822560949613,0.5
2025,Bengkulu,Cabai Rawit,24032.015,,,exact,partial_supply,True,supply_only,0.03508601740174508,0.5
2025,DI Yogyakarta,Cabai Rawit,25029.913,,,exact,partial_supply,True,supply_only,0.0365429244602615,0.5
2025,DKI Jakarta,Cabai Rawit,42.193000000000005,,,exact,partial_supply,True,supply_only,6.14547667338061e-05,0.5
2025,Gorontalo,Cabai Rawit,11039.735,,,exact,partial_supply,True,supply_only,0.01611760135298889,0.5
2025,Jambi,Cabai Rawit,42173.875,,,exact,partial_supply,True,supply_only,0.061572696289383576,0.5
2025,Jawa Barat,Cabai Rawit,198791.659,,,exact,partial_supply,True,supply_only,0.29023089081307224,0.5
2025,Jawa Tengah,Cabai Rawit,266305.06200000003,,,exact,partial_supply,True,supply_only,0.388798834004825,0.5
2025,Jawa Timur,Cabai Rawit,603717.826,,,exact,partial_supply,True,supply_only,0.881413347216731,0.5
2025,Kalimantan Barat,Cabai Rawit,8419.012,,,exact,partial_supply,True,supply_only,0.012291408859250728,0.5
2025,Kalimantan Selatan,Cabai Rawit,14259.260000000002,,,exact,partial_supply,True,supply_only,0.020818030352315553,0.5
2025,Kalimantan Tengah,Cabai Rawit,5635.325000000001,,,exact,partial_supply,True,supply_only,0.008227292848395516,0.5
2025,Kalimantan Timur,Cabai Rawit,7235.814,,,exact,partial_supply,True,supply_only,0.010563968261291306,0.5
2025,Kalimantan Utara,Cabai Rawit,8517.782000000001,,,exact,partial_supply,True,supply_only,0.01243561068165108,0.5
2025,Kepulauan Bangka Belitung,Cabai Rawit,6249.528,,,exact,partial_supply,True,supply_only,0.009124014443249858,0.5
2025,Kepulauan Riau,Cabai Rawit,1454.982,,,exact,partial_supply,True,supply_only,0.002124092697959596,0.5
2025,Lampung,Cabai Rawit,13255.626000000002,,,exact,partial_supply,True,supply_only,0.0193527488718766,0.5
2025,Maluku,Cabai Rawit,3021.664,,,exact,partial_supply,True,supply_only,0.004411410704660302,0.5
2025,Maluku Utara,Cabai Rawit,5695.977,,,exact,partial_supply,True,supply_only,0.00831584330837553,0.5
2025,Nusa Tenggara Barat,Cabai Rawit,90558.708,,,exact,partial_supply,True,supply_only,0.13221338774566282,0.5
2025,Nusa Tenggara Timur,Cabai Rawit,10943.708,,,exact,partial_supply,True,supply_only,0.015977404244558815,0.5
2025,Papua,Cabai Rawit,144.20000000000002,,,exact,partial_supply,True,supply_only,0.0002103825312128254,0.5
2025,Papua Barat,Cabai Rawit,393.25,,,exact,partial_supply,True,supply_only,0.0005739895360605293,0.5
2025,Papua Barat Daya,Cabai Rawit,3021.561,,,exact,partial_supply,True,supply_only,0.004411260327139726,0.5
2025,Papua Pegunungan,Cabai Rawit,25.36,,,exact,partial_supply,True,supply_only,3.68789919391809e-05,0.5
2025,Papua Selatan,Cabai Rawit,1528.756,,,exact,partial_supply,True,supply_only,0.0022318009620657378,0.5
2025,Papua Tengah,Cabai Rawit,2640.7000000000003,,,exact,partial_supply,True,supply_only,0.0038552124352573677,0.5
2025,Riau,Cabai Rawit,6682.469000000001,,,exact,partial_supply,True,supply_only,0.00975609788145813,0.5
2025,Sulawesi Barat,Cabai Rawit,2814.9220000000005,,,exact,partial_supply,True,supply_only,0.004109572361370906,0.5
2025,Sulawesi Selatan,Cabai Rawit,44240.869000000006,,,exact,partial_supply,True,supply_only,0.06459045777253225,0.5
2025,Sulawesi Tengah,Cabai Rawit,16623.164,,,exact,partial_supply,True,supply_only,0.024269273288222024,0.5
2025,Sulawesi Tenggara,Cabai Rawit,4205.843,,,exact,partial_supply,True,supply_only,0.006140283539005008,0.5
2025,Sulawesi Utara,Cabai Rawit,12666.958,,,exact,partial_supply,True,supply_only,0.018493307762341614,0.5
2025,Sumatera Barat,Cabai Rawit,31490.73,,,exact,partial_supply,True,supply_only,0.045975561754937784,0.5
2025,Sumatera Selatan,Cabai Rawit,14010.024,,,exact,partial_supply,True,supply_only,0.020454151791945253,0.5
2025,Sumatera Utara,Cabai Rawit,109052.50700000001,,,exact,partial_supply,True,supply_only,0.1592138891013965,0.5
2020,Aceh,Bawang Merah Ukuran Sedang,11246.5,,,exact,partial_supply,True,supply_only,0.01840141670439516,0.5
2020,Bali,Bawang Merah Ukuran Sedang,14207.400000000001,,,exact,partial_supply,True,supply_only,0.02324609937514409,0.5
2020,Banten,Bawang Merah Ukuran Sedang,1404.1000000000001,,,exact,partial_supply,True,supply_only,0.00229708872351799,0.5
2020,Bengkulu,Bawang Merah Ukuran Sedang,1153.4,,,exact,partial_supply,True,supply_only,0.0018868884649625658,0.5
2020,DI Yogyakarta,Bawang Merah Ukuran Sedang,18810.5,,,exact,partial_supply,True,supply_only,0.03077778190468726,0.5
2020,Gorontalo,Bawang Merah Ukuran Sedang,475.8,,,exact,partial_supply,True,supply_only,0.000778186050933226,0.5
2020,Jambi,Bawang Merah Ukuran Sedang,11976.6,,,exact,partial_supply,True,supply_only,0.019596020648437105,0.5
2020,Jawa Barat,Bawang Merah Ukuran Sedang,164826.5,,,exact,partial_supply,True,supply_only,0.2696920258345988,0.5
2020,Jawa Tengah,Bawang Merah Ukuran Sedang,611165.1,,,exact,partial_supply,True,supply_only,1.0,0.5
2020,Jawa Timur,Bawang Merah Ukuran Sedang,454583.7,,,exact,partial_supply,True,supply_only,0.7437984413044663,0.5
2020,Kalimantan Barat,Bawang Merah Ukuran Sedang,226.9,,,exact,partial_supply,True,supply_only,0.0003709309876925197,0.5
2020,Kalimantan Selatan,Bawang Merah Ukuran Sedang,461.70000000000005,,,exact,partial_supply,True,supply_only,0.0007551153543012696,0.5
2020,Kalimantan Tengah,Bawang Merah Ukuran Sedang,79.2,,,exact,partial_supply,True,supply_only,0.00012926134992372762,0.5
2020,Kalimantan Timur,Bawang Merah Ukuran Sedang,267.2,,,exact,partial_supply,True,supply_only,0.0004368706383498136,0.5
2020,Kalimantan Utara,Bawang Merah Ukuran Sedang,90.2,,,exact,partial_supply,True,supply_only,0.0001472597657358922,0.5
2020,Kepulauan Bangka Belitung,Bawang Merah Ukuran Sedang,157.4,,,exact,partial_supply,True,supply_only,0.00025721372415202513,0.5
2020,Kepulauan Riau,Bawang Merah Ukuran Sedang,122.60000000000001,,,exact,partial_supply,True,supply_only,0.00020027328140081343,0.5
2020,Lampung,Bawang Merah Ukuran Sedang,2104.8,,,exact,partial_supply,True,supply_only,0.003443587810752876,0.5
2020,Maluku,Bawang Merah Ukuran Sedang,1106.2,,,exact,partial_supply,True,supply_only,0.0018096588989321867,0.5
2020,Maluku Utara,Bawang Merah Ukuran Sedang,951.2,,,exact,partial_supply,True,supply_only,0.0015560448579425945,0.5
2020,Nusa Tenggara Barat,Bawang Merah Ukuran Sedang,188740.40000000002,,,exact,partial_supply,True,supply_only,0.30882041818828276,0.5
2020,Nusa Tenggara Timur,Bawang Merah Ukuran Sedang,10423.800000000001,,,exact,partial_supply,True,supply_only,0.01705529882360718,0.5
2020,Papua,Bawang Merah Ukuran Sedang,209.10000000000002,,,exact,partial_supply,True,supply_only,0.00034180627846919876,0.5
2020,Papua Barat,Bawang Merah Ukuran Sedang,136.20000000000002,,,exact,partial_supply,True,supply_only,0.00022252586822312607,0.5
2020,Riau,Bawang Merah Ukuran Sedang,263.3,,,exact,partial_supply,True,supply_only,0.00043048938183459166,0.5
2020,Sulawesi Barat,Bawang Merah Ukuran Sedang,631.1,,,exact,partial_supply,True,supply_only,0.0010322909578086045,0.5
2020,Sulawesi Selatan,Bawang Merah Ukuran Sedang,124381.20000000001,,,exact,partial_supply,True,supply_only,0.20351463246662235,0.5
2020,Sulawesi Tengah,Bawang Merah Ukuran Sedang,5725.5,,,exact,partial_supply,True,supply_only,0.00936784818630782,0.5
2020,Sulawesi Tenggara,Bawang Merah Ukuran Sedang,655.0,,,exact,partial_supply,True,supply_only,0.0010713966067095802,0.5
2020,Sulawesi Utara,Bawang Merah Ukuran Sedang,4936.6,,,exact,partial_supply,True,supply_only,0.00807703452865176,0.5
2020,Sumatera Barat,Bawang Merah Ukuran Sedang,153770.2,,,exact,partial_supply,True,supply_only,0.2516014908578683,0.5
2020,Sumatera Selatan,Bawang Merah Ukuran Sedang,934.1,,,exact,partial_supply,True,supply_only,0.001528065502452775,0.5
2020,Sumatera Utara,Bawang Merah Ukuran Sedang,29222.100000000002,,,exact,partial_supply,True,supply_only,0.04781344609286299,0.5
2021,Aceh,Bawang Merah Ukuran Sedang,10135.7,,,exact,partial_supply,True,supply_only,0.016583903951290394,0.5
2021,Bali,Bawang Merah Ukuran Sedang,23215.100000000002,,,exact,partial_supply,True,supply_only,0.03798467483980183,0.5
2021,Banten,Bawang Merah Ukuran Sedang,1189.6000000000001,,,exact,partial_supply,True,supply_only,0.0019461196151807803,0.5
2021,Bengkulu,Bawang Merah Ukuran Sedang,990.1,,,exact,partial_supply,True,supply_only,0.0016196938011328857,0.5
2021,DI Yogyakarta,Bawang Merah Ukuran Sedang,29808.7,,,exact,partial_supply,True,supply_only,0.04877325252153715,0.5
2021,DKI Jakarta,Bawang Merah Ukuran Sedang,1.9000000000000001,,,exact,partial_supply,True,supply_only,2.7815733527890756e-06,0.5
2021,Gorontalo,Bawang Merah Ukuran Sedang,346.3,,,exact,partial_supply,True,supply_only,0.00056629561023547,0.5
2021,Jambi,Bawang Merah Ukuran Sedang,13263.7,,,exact,partial_supply,True,supply_only,0.021701998920422294,0.5
2021,Jawa Barat,Bawang Merah Ukuran Sedang,170650.30000000002,,,exact,partial_supply,True,supply_only,0.27922104165340644,0.5
2021,Jawa Tengah,Bawang Merah Ukuran Sedang,564254.7000000001,,,exact,partial_supply,True,supply_only,0.9232442831713669,0.5
2021,Jawa Timur,Bawang Merah Ukuran Sedang,500992.10000000003,,,exact,partial_supply,True,supply_only,0.8197327758842172,0.5
2021,Kalimantan Barat,Bawang Merah Ukuran Sedang,103.7,,,exact,partial_supply,True,supply_only,0.00016934873059627607,0.5
2021,Kalimantan Selatan,Bawang Merah Ukuran Sedang,388.6,,,exact,partial_supply,True,supply_only,0.0006355077001313394,0.5
2021,Kalimantan Tengah,Bawang Merah Ukuran Sedang,34.1,,,exact,partial_supply,True,supply_only,5.5467845093852735e-05,0.5
2021,Kalimantan Timur,Bawang Merah Ukuran Sedang,72.4,,,exact,partial_supply,True,supply_only,0.00011813505651257132,0.5
2021,Kalimantan Utara,Bawang Merah Ukuran Sedang,87.5,,,exact,partial_supply,True,supply_only,0.00014284197276381546,0.5
2021,Kepulauan Bangka Belitung,Bawang Merah Ukuran Sedang,207.9,,,exact,partial_supply,True,supply_only,0.00033984281492605354,0.5
2021,Kepulauan Riau,Bawang Merah Ukuran Sedang,33.2,,,exact,partial_supply,True,supply_only,5.3995247436493814e-05,0.5
2021,Lampung,Bawang Merah Ukuran Sedang,1761.8000000000002,,,exact,partial_supply,True,supply_only,0.002882364481337197,0.5
2021,Maluku,Bawang Merah Ukuran Sedang,1012.5,,,exact,partial_supply,True,supply_only,0.00165634512060493,0.5
2021,Maluku Utara,Bawang Merah Ukuran Sedang,1231.4,,,exact,partial_supply,True,supply_only,0.0020145135952670057,0.5
2021,Nusa Tenggara Barat,Bawang Merah Ukuran Sedang,222619.7,,,exact,partial_supply,True,supply_only,0.3642543935360162,0.5
2021,Nusa Tenggara Timur,Bawang Merah Ukuran Sedang,11430.0,,,exact,partial_supply,True,supply_only,0.018701663004534453,0.5
2021,Papua,Bawang Merah Ukuran Sedang,303.8,,,exact,partial_supply,True,supply_only,0.0004967562764157432,0.5
2021,Papua Barat,Bawang Merah Ukuran Sedang,118.5,,,exact,partial_supply,True,supply_only,0.00019356478096173389,0.5
2021,Riau,Bawang Merah Ukuran Sedang,329.5,,,exact,partial_supply,True,supply_only,0.0005388071206314368,0.5
2021,Sulawesi Barat,Bawang Merah Ukuran Sedang,693.1,,,exact,partial_supply,True,supply_only,0.0011337365742044414,0.5
2021,Sulawesi Selatan,Bawang Merah Ukuran Sedang,183209.5,,,exact,partial_supply,True,supply_only,0.2997706510959644,0.5
2021,Sulawesi Tengah,Bawang Merah Ukuran Sedang,4651.6,,,exact,partial_supply,True,supply_only,0.007610711937154769,0.5
2021,Sulawesi Tenggara,Bawang Merah Ukuran Sedang,1015.3000000000001,,,exact,partial_supply,True,supply_only,0.0016609265355389355,0.5
2021,Sulawesi Utara,Bawang Merah Ukuran Sedang,4986.0,,,exact,partial_supply,True,supply_only,0.008157863777844571,0.5
2021,Sumatera Barat,Bawang Merah Ukuran Sedang,200365.6,,,exact,partial_supply,True,supply_only,0.327841798506426,0.5
2021,Sumatera Selatan,Bawang Merah Ukuran Sedang,1124.6000000000001,,,exact,partial_supply,True,supply_only,0.0018397653399270803,0.5
2021,Sumatera Utara,Bawang Merah Ukuran Sedang,53962.100000000006,,,exact,partial_supply,True,supply_only,0.08829351947404049,0.5
2022,Aceh,Bawang Merah Ukuran Sedang,10070.300000000001,,,exact,partial_supply,True,supply_only,0.01647689518818898,0.5
2022,Bali,Bawang Merah Ukuran Sedang,31492.4,,,exact,partial_supply,True,supply_only,0.05152815549453184,0.5
2022,Banten,Bawang Merah Ukuran Sedang,1372.4,,,exact,partial_supply,True,supply_only,0.0022452205615865702,0.5
2022,Bengkulu,Bawang Merah Ukuran Sedang,1023.3000000000001,,,exact,partial_supply,True,supply_only,0.001674016292493237,0.5
2022,DI Yogyakarta,Bawang Merah Ukuran Sedang,22306.600000000002,,,exact,partial_supply,True,supply_only,0.03649816931567896,0.5
2022,DKI Jakarta,Bawang Merah Ukuran Sedang,1.4000000000000001,,,exact,partial_supply,True,supply_only,1.96346354314523e-06,0.5
2022,Gorontalo,Bawang Merah Ukuran Sedang,417.6,,,exact,partial_supply,True,supply_only,0.0006829580690906824,0.5
2022,Jambi,Bawang Merah Ukuran Sedang,16050.2,,,exact,partial_supply,True,supply_only,0.026261324889567447,0.5
2022,Jawa Barat,Bawang Merah Ukuran Sedang,193318.30000000002,,,exact,partial_supply,True,supply_only,0.31631086798341984,0.5
2022,Jawa Tengah,Bawang Merah Ukuran Sedang,556509.8,,,exact,partial_supply,True,supply_only,0.9105719258419456,0.5
2022,Jawa Timur,Bawang Merah Ukuran Sedang,478393.30000000005,,,exact,partial_supply,True,supply_only,0.7827561759518585,0.5
2022,Kalimantan Barat,Bawang Merah Ukuran Sedang,44.0,,,exact,partial_supply,True,supply_only,7.166641932480088e-05,0.5
2022,Kalimantan Selatan,Bawang Merah Ukuran Sedang,246.0,,,exact,partial_supply,True,supply_only,0.0004021827824209146,0.5
2022,Kalimantan Tengah,Bawang Merah Ukuran Sedang,111.80000000000001,,,exact,partial_supply,True,supply_only,0.00018260210951250637,0.5
2022,Kalimantan Timur,Bawang Merah Ukuran Sedang,114.5,,,exact,partial_supply,True,supply_only,0.00018701990248458312,0.5
2022,Kalimantan Utara,Bawang Merah Ukuran Sedang,7.300000000000001,,,exact,partial_supply,True,supply_only,1.161715929694261e-05,0.5
2022,Kepulauan Bangka Belitung,Bawang Merah Ukuran Sedang,78.7,,,exact,partial_supply,True,supply_only,0.00012844324011408378,0.5
2022,Kepulauan Riau,Bawang Merah Ukuran Sedang,41.400000000000006,,,exact,partial_supply,True,supply_only,6.74122483146529e-05,0.5
2022,Lampung,Bawang Merah Ukuran Sedang,1726.7,,,exact,partial_supply,True,supply_only,0.002824933172700199,0.5
2022,Maluku,Bawang Merah Ukuran Sedang,759.3000000000001,,,exact,partial_supply,True,supply_only,0.0012420543130012866,0.5
2022,Maluku Utara,Bawang Merah Ukuran Sedang,804.7,,,exact,partial_supply,True,supply_only,0.0013163386837169477,0.5
2022,Nusa Tenggara Barat,Bawang Merah Ukuran Sedang,201155.2,,,exact,partial_supply,True,supply_only,0.32913375751781554,0.5
2022,Nusa Tenggara Timur,Bawang Merah Ukuran Sedang,7584.5,,,exact,partial_supply,True,supply_only,0.012409580458563638,0.5
2022,Papua,Bawang Merah Ukuran Sedang,286.0,,,exact,partial_supply,True,supply_only,0.0004676315671924222,0.5
2022,Papua Barat,Bawang Merah Ukuran Sedang,77.60000000000001,,,exact,partial_supply,True,supply_only,0.0001266433985328673,0.5
2022,Riau,Bawang Merah Ukuran Sedang,195.3,,,exact,partial_supply,True,supply_only,0.0003192264477230286,0.5
2022,Sulawesi Barat,Bawang Merah Ukuran Sedang,748.1,,,exact,partial_supply,True,supply_only,0.0012237286532652642,0.5
2022,Sulawesi Selatan,Bawang Merah Ukuran Sedang,175159.90000000002,,,exact,partial_supply,True,supply_only,0.28659973764854624,0.5
2022,Sulawesi Tengah,Bawang Merah Ukuran Sedang,3454.0,,,exact,partial_supply,True,supply_only,0.005651175321095828,0.5
2022,Sulawesi Tenggara,Bawang Merah Ukuran Sedang,449.3,,,exact,partial_supply,True,supply_only,0.0007348262310221022,0.5
2022,Sulawesi Utara,Bawang Merah Ukuran Sedang,5019.6,,,exact,partial_supply,True,supply_only,0.008212840757052638,0.5
2022,Sumatera Barat,Bawang Merah Ukuran Sedang,207375.80000000002,,,exact,partial_supply,True,supply_only,0.3393120252815566,0.5
2022,Sumatera Selatan,Bawang Merah Ukuran Sedang,1129.9,,,exact,partial_supply,True,supply_only,0.001848437303909305,0.5
2022,Sumatera Utara,Bawang Merah Ukuran Sedang,64834.9,,,exact,partial_supply,True,supply_only,0.10608380815063169,0.5
2023,Aceh,Bawang Merah Ukuran Sedang,13672.6,,,exact,partial_supply,True,supply_only,0.02237104912274903,0.5
2023,Bali,Bawang Merah Ukuran Sedang,35373.9,,,exact,partial_supply,True,supply_only,0.05787914194679702,0.5
2023,Banten,Bawang Merah Ukuran Sedang,860.0,,,exact,partial_supply,True,supply_only,0.001406821628663557,0.5
2023,Bengkulu,Bawang Merah Ukuran Sedang,670.6,,,exact,partial_supply,True,supply_only,0.0010969216327704682,0.5
2023,DI Yogyakarta,Bawang Merah Ukuran Sedang,32952.6,,,exact,partial_supply,True,supply_only,0.05391736338261572,0.5
2023,DKI Jakarta,Bawang Merah Ukuran Sedang,0.30000000000000004,,,exact,partial_supply,True,supply_only,1.636219619287692e-07,0.5
2023,Gorontalo,Bawang Merah Ukuran Sedang,237.4,,,exact,partial_supply,True,supply_only,0.0003881112936950404,0.5
2023,Jambi,Bawang Merah Ukuran Sedang,18401.3,,,exact,partial_supply,True,supply_only,0.030108240836474735,0.5
2023,Jawa Barat,Bawang Merah Ukuran Sedang,179355.40000000002,,,exact,partial_supply,True,supply_only,0.29346449706126776,0.5
2023,Jawa Tengah,Bawang Merah Ukuran Sedang,479090.9,,,exact,partial_supply,True,supply_only,0.7838976027582736,0.5
2023,Jawa Timur,Bawang Merah Ukuran Sedang,484669.5,,,exact,partial_supply,True,supply_only,0.7930254175264319,0.5
2023,Kalimantan Barat,Bawang Merah Ukuran Sedang,109.5,,,exact,partial_supply,True,supply_only,0.00017883880438814467,0.5
2023,Kalimantan Selatan,Bawang Merah Ukuran Sedang,483.5,,,exact,partial_supply,True,supply_only,0.0007907849420017413,0.5
2023,Kalimantan Tengah,Bawang Merah Ukuran Sedang,72.3,,,exact,partial_supply,True,supply_only,0.00011797143455064254,0.5
2023,Kalimantan Timur,Bawang Merah Ukuran Sedang,252.20000000000002,,,exact,partial_supply,True,supply_only,0.0004123273440604983,0.5
2023,Kalimantan Utara,Bawang Merah Ukuran Sedang,350.5,,,exact,partial_supply,True,supply_only,0.0005731677326364783,0.5
2023,Kepulauan Bangka Belitung,Bawang Merah Ukuran Sedang,175.70000000000002,,,exact,partial_supply,True,supply_only,0.0002871565431849899,0.5
2023,Kepulauan Riau,Bawang Merah Ukuran Sedang,17.0,,,exact,partial_supply,True,supply_only,2.7488489604033218e-05,0.5
2023,Lampung,Bawang Merah Ukuran Sedang,2193.0,,,exact,partial_supply,True,supply_only,0.00358790238117405,0.5
2023,Maluku,Bawang Merah Ukuran Sedang,606.8000000000001,,,exact,partial_supply,True,supply_only,0.0009925308210599136,0.5
2023,Maluku Utara,Bawang Merah Ukuran Sedang,610.6,,,exact,partial_supply,True,supply_only,0.0009987484556132067,0.5
2023,Nusa Tenggara Barat,Bawang Merah Ukuran Sedang,212618.30000000002,,,exact,partial_supply,True,supply_only,0.3478899066356723,0.5
2023,Nusa Tenggara Timur,Bawang Merah Ukuran Sedang,11409.1,,,exact,partial_supply,True,supply_only,0.018667466014491343,0.5
2023,Papua,Bawang Merah Ukuran Sedang,12.700000000000001,,,exact,partial_supply,True,supply_only,2.0452745241096146e-05,0.5
2023,Papua Barat,Bawang Merah Ukuran Sedang,323.40000000000003,,,exact,partial_supply,True,supply_only,0.0005288261809537819,0.5
2023,Papua Barat Daya,Bawang Merah Ukuran Sedang,19.400000000000002,,,exact,partial_supply,True,supply_only,3.141541669032368e-05,0.5
2023,Papua Pegunungan,Bawang Merah Ukuran Sedang,11.100000000000001,,,exact,partial_supply,True,supply_only,1.7834793850235838e-05,0.5
2023,Papua Selatan,Bawang Merah Ukuran Sedang,292.2,,,exact,partial_supply,True,supply_only,0.0004777761288320059,0.5
2023,Papua Tengah,Bawang Merah Ukuran Sedang,1.0,,,exact,partial_supply,True,supply_only,1.308975695430153e-06,0.5
2023,Riau,Bawang Merah Ukuran Sedang,322.70000000000005,,,exact,partial_supply,True,supply_only,0.0005276808272202805,0.5
2023,Sulawesi Barat,Bawang Merah Ukuran Sedang,1075.7,,,exact,partial_supply,True,supply_only,0.001759754200543912,0.5
2023,Sulawesi Selatan,Bawang Merah Ukuran Sedang,201421.5,,,exact,partial_supply,True,supply_only,0.32956948280243187,0.5
2023,Sulawesi Tengah,Bawang Merah Ukuran Sedang,3227.7000000000003,,,exact,partial_supply,True,supply_only,0.005280898821251025,0.5
2023,Sulawesi Tenggara,Bawang Merah Ukuran Sedang,490.70000000000005,,,exact,partial_supply,True,supply_only,0.0008025657232606127,0.5
2023,Sulawesi Utara,Bawang Merah Ukuran Sedang,3153.0,,,exact,partial_supply,True,supply_only,0.005158673215690234,0.5
2023,Sumatera Barat,Bawang Merah Ukuran Sedang,233917.30000000002,,,exact,partial_supply,True,supply_only,0.38273974830688084,0.5
2023,Sumatera Selatan,Bawang Merah Ukuran Sedang,1197.0,,,exact,partial_supply,True,supply_only,0.001958227640363509,0.5
2023,Sumatera Utara,Bawang Merah Ukuran Sedang,65585.2,,,exact,partial_supply,True,supply_only,0.10731146373098324,0.5
2024,Aceh,Bawang Merah Ukuran Sedang,13184.396,,,exact,partial_supply,True,supply_only,0.0215722401597343,0.5
2024,Bali,Bawang Merah Ukuran Sedang,35099.358,,,exact,partial_supply,True,supply_only,0.05742993094007853,0.5
2024,Banten,Bawang Merah Ukuran Sedang,1080.701,,,exact,partial_supply,True,supply_only,0.0017679369348599697,0.5
2024,Bengkulu,Bawang Merah Ukuran Sedang,722.215,,,exact,partial_supply,True,supply_only,0.0011813751084200025,0.5
2024,DI Yogyakarta,Bawang Merah Ukuran Sedang,33311.791,,,exact,partial_supply,True,supply_only,0.054505078743887284,0.5
2024,DKI Jakarta,Bawang Merah Ukuran Sedang,12.927000000000001,,,exact,partial_supply,True,supply_only,2.082416709467445e-05,0.5
2024,Gorontalo,Bawang Merah Ukuran Sedang,195.60000000000002,,,exact,partial_supply,True,supply_only,0.00031971731360881493,0.5
2024,Jambi,Bawang Merah Ukuran Sedang,12287.665,,,exact,partial_supply,True,supply_only,0.020104991304310833,0.5
2024,Jawa Barat,Bawang Merah Ukuran Sedang,199891.68600000002,,,exact,partial_supply,True,supply_only,0.3270663711217709,0.5
2024,Jawa Tengah,Bawang Merah Ukuran Sedang,607896.721,,,exact,partial_supply,True,supply_only,0.9946522141569322,0.5
2024,Jawa Timur,Bawang Merah Ukuran Sedang,476665.652,,,exact,partial_supply,True,supply_only,0.7799293643990353,0.5
2024,Kalimantan Barat,Bawang Merah Ukuran Sedang,21.688000000000002,,,exact,partial_supply,True,supply_only,3.5159087179253915e-05,0.5
2024,Kalimantan Selatan,Bawang Merah Ukuran Sedang,490.09,,,exact,partial_supply,True,supply_only,0.0008015676292928471,0.5
2024,Kalimantan Tengah,Bawang Merah Ukuran Sedang,46.30500000000001,,,exact,partial_supply,True,supply_only,7.543790554725902e-05,0.5
2024,Kalimantan Timur,Bawang Merah Ukuran Sedang,344.45500000000004,,,exact,partial_supply,True,supply_only,0.0005632767850378842,0.5
2024,Kepulauan Bangka Belitung,Bawang Merah Ukuran Sedang,119.846,,,exact,partial_supply,True,supply_only,0.00019576713256929513,0.5
2024,Kepulauan Riau,Bawang Merah Ukuran Sedang,102.29,,,exact,partial_supply,True,supply_only,0.00016704166093308042,0.5
2024,Lampung,Bawang Merah Ukuran Sedang,1648.7200000000003,,,exact,partial_supply,True,supply_only,0.0026973407667881455,0.5
2024,Maluku,Bawang Merah Ukuran Sedang,488.71000000000004,,,exact,partial_supply,True,supply_only,0.0007993096462182302,0.5
2024,Maluku Utara,Bawang Merah Ukuran Sedang,571.21,,,exact,partial_supply,True,supply_only,0.0009342977648094646,0.5
2024,Nusa Tenggara Barat,Bawang Merah Ukuran Sedang,159885.28000000003,,,exact,partial_supply,True,supply_only,0.2616071047273821,0.5
2024,Nusa Tenggara Timur,Bawang Merah Ukuran Sedang,8104.635000000001,,,exact,partial_supply,True,supply_only,0.013260635550241843,0.5
2024,Papua,Bawang Merah Ukuran Sedang,366.13000000000005,,,exact,partial_supply,True,supply_only,0.000598741845285945,0.5
2024,Papua Barat,Bawang Merah Ukuran Sedang,190.236,,,exact,partial_supply,True,supply_only,0.0003109406315709557,0.5
2024,Papua Barat Daya,Bawang Merah Ukuran Sedang,1.92,,,exact,partial_supply,True,supply_only,2.814297745174829e-06,0.5
2024,Papua Selatan,Bawang Merah Ukuran Sedang,219.15,,,exact,partial_supply,True,supply_only,0.00035825028564304004,0.5
2024,Papua Tengah,Bawang Merah Ukuran Sedang,1.05,,,exact,partial_supply,True,supply_only,1.3907866763945378e-06,0.5
2024,Riau,Bawang Merah Ukuran Sedang,245.51500000000001,,,exact,partial_supply,True,supply_only,0.0004013892159055601,0.5
2024,Sulawesi Barat,Bawang Merah Ukuran Sedang,881.89,,,exact,partial_supply,True,supply_only,0.0014426384761297645,0.5
2024,Sulawesi Selatan,Bawang Merah Ukuran Sedang,235187.002,,,exact,partial_supply,True,supply_only,0.38481725962992963,0.5
2024,Sulawesi Tengah,Bawang Merah Ukuran Sedang,3238.2960000000003,,,exact,partial_supply,True,supply_only,0.005298236204336997,0.5
2024,Sulawesi Tenggara,Bawang Merah Ukuran Sedang,782.148,,,exact,partial_supply,True,supply_only,0.0012794386588627716,0.5
2024,Sulawesi Utara,Bawang Merah Ukuran Sedang,2750.6490000000003,,,exact,partial_supply,True,supply_only,0.004500338615650213,0.5
2024,Sumatera Barat,Bawang Merah Ukuran Sedang,230718.411,,,exact,partial_supply,True,supply_only,0.37750566336515723,0.5
2024,Sumatera Selatan,Bawang Merah Ukuran Sedang,896.5030000000002,,,exact,partial_supply,True,supply_only,0.0014665485534264158,0.5
2024,Sumatera Utara,Bawang Merah Ukuran Sedang,58069.986000000004,,,exact,partial_supply,True,supply_only,0.09501492314103772,0.5
2025,Aceh,Bawang Merah Ukuran Sedang,13281.550000000001,,,exact,partial_supply,True,supply_only,0.02173120544062658,0.5
2025,Bali,Bawang Merah Ukuran Sedang,39906.950000000004,,,exact,partial_supply,True,supply_only,0.06529620729200909,0.5
2025,Banten,Bawang Merah Ukuran Sedang,1395.076,,,exact,partial_supply,True,supply_only,0.0022823234776735376,0.5
2025,Bengkulu,Bawang Merah Ukuran Sedang,577.65,,,exact,partial_supply,True,supply_only,0.0009448350191576773,0.5
2025,DI Yogyakarta,Bawang Merah Ukuran Sedang,26718.601000000002,,,exact,partial_supply,True,supply_only,0.043717171912195874,0.5
2025,DKI Jakarta,Bawang Merah Ukuran Sedang,5.273,,,exact,partial_supply,True,supply_only,8.300542128646457e-06,0.5
2025,Gorontalo,Bawang Merah Ukuran Sedang,37.1,,,exact,partial_supply,True,supply_only,6.0376503951715806e-05,0.5
2025,Jambi,Bawang Merah Ukuran Sedang,21855.898,,,exact,partial_supply,True,supply_only,0.03576072186082676,0.5
2025,Jawa Barat,Bawang Merah Ukuran Sedang,199415.401,,,exact,partial_supply,True,supply_only,0.32628706426039844,0.5
2025,Jawa Tengah,Bawang Merah Ukuran Sedang,584034.501,,,exact,partial_supply,True,supply_only,0.9556083816331731,0.5
2025,Jawa Timur,Bawang Merah Ukuran Sedang,500301.22699999996,,,exact,partial_supply,True,supply_only,0.8186023559271809,0.5
2025,Kalimantan Barat,Bawang Merah Ukuran Sedang,8.6,,,exact,partial_supply,True,supply_only,1.3744244802016609e-05,0.5
2025,Kalimantan Selatan,Bawang Merah Ukuran Sedang,353.06500000000005,,,exact,partial_supply,True,supply_only,0.0005773646359599513,0.5
2025,Kalimantan Tengah,Bawang Merah Ukuran Sedang,16.3,,,exact,partial_supply,True,supply_only,2.6343135870531834e-05,0.5
2025,Kalimantan Timur,Bawang Merah Ukuran Sedang,91.01,,,exact,partial_supply,True,supply_only,0.00014858510362751525,0.5
2025,Kalimantan Utara,Bawang Merah Ukuran Sedang,75.60000000000001,,,exact,partial_supply,True,supply_only,0.00012337095929429193,0.5
2025,Kepulauan Bangka Belitung,Bawang Merah Ukuran Sedang,54.800000000000004,,,exact,partial_supply,True,supply_only,8.933759121310795e-05,0.5
2025,Kepulauan Riau,Bawang Merah Ukuran Sedang,28.680000000000003,,,exact,partial_supply,True,supply_only,4.6599534757313455e-05,0.5
2025,Lampung,Bawang Merah Ukuran Sedang,1289.78,,,exact,partial_supply,True,supply_only,0.0021100360966410207,0.5
2025,Maluku,Bawang Merah Ukuran Sedang,325.04400000000004,,,exact,partial_supply,True,supply_only,0.0005315161260078909,0.5
2025,Maluku Utara,Bawang Merah Ukuran Sedang,333.87600000000003,,,exact,partial_supply,True,supply_only,0.0005459672176854397,0.5
2025,Nusa Tenggara Barat,Bawang Merah Ukuran Sedang,171549.688,,,exact,partial_supply,True,supply_only,0.28069263794435834,0.5
2025,Nusa Tenggara Timur,Bawang Merah Ukuran Sedang,9562.896,,,exact,partial_supply,True,supply_only,0.01564667080848393,0.5
2025,Papua,Bawang Merah Ukuran Sedang,106.60000000000001,,,exact,partial_supply,True,supply_only,0.00017409376749221036,0.5
2025,Papua Barat,Bawang Merah Ukuran Sedang,34.441,,,exact,partial_supply,True,supply_only,5.602579598402984e-05,0.5
2025,Papua Barat Daya,Bawang Merah Ukuran Sedang,0.6000000000000001,,,exact,partial_supply,True,supply_only,6.544878477150767e-07,0.5
2025,Papua Pegunungan,Bawang Merah Ukuran Sedang,49.650000000000006,,,exact,partial_supply,True,supply_only,8.091106017377635e-05,0.5
2025,Papua Selatan,Bawang Merah Ukuran Sedang,99.9,,,exact,partial_supply,True,supply_only,0.00016313109604298285,0.5
2025,Papua Tengah,Bawang Merah Ukuran Sedang,0.2,,,exact,partial_supply,True,supply_only,0.0,0.5
2025,Riau,Bawang Merah Ukuran Sedang,40.041000000000004,,,exact,partial_supply,True,supply_only,6.518862585204091e-05,0.5
2025,Sulawesi Barat,Bawang Merah Ukuran Sedang,968.722,,,exact,partial_supply,True,supply_only,0.0015847146981117534,0.5
2025,Sulawesi Selatan,Bawang Merah Ukuran Sedang,322741.559,,,exact,partial_supply,True,supply_only,0.5280757435513721,0.5
2025,Sulawesi Tengah,Bawang Merah Ukuran Sedang,2036.2930000000001,,,exact,partial_supply,True,supply_only,0.0033314953132943335,0.5
2025,Sulawesi Tenggara,Bawang Merah Ukuran Sedang,397.035,,,exact,partial_supply,True,supply_only,0.0006493092126200311,0.5
2025,Sulawesi Utara,Bawang Merah Ukuran Sedang,2554.651,,,exact,partial_supply,True,supply_only,0.004179642842709062,0.5
2025,Sumatera Barat,Bawang Merah Ukuran Sedang,232895.39700000003,,,exact,partial_supply,True,supply_only,0.3810676905692719,0.5
2025,Sumatera Selatan,Bawang Merah Ukuran Sedang,917.884,,,exact,partial_supply,True,supply_only,0.0015015325651064058,0.5
2025,Sumatera Utara,Bawang Merah Ukuran Sedang,52095.305,,,exact,partial_supply,True,supply_only,0.08523903286985231,0.5
2018,Aceh,Minyak Goreng Curah,,49508.8,,exact,partial_demand,False,demand_only,0.5,0.09304015214287939
2018,Bali,Minyak Goreng Curah,,33013.62,,exact,partial_demand,False,demand_only,0.5,0.05805520515610773
2018,Banten,Minyak Goreng Curah,,122866.52,,exact,partial_demand,False,demand_only,0.5,0.2486259623777746
2018,Bengkulu,Minyak Goreng Curah,,21166.2,,exact,partial_demand,False,demand_only,0.5,0.032927782440501215
2018,DI Yogyakarta,Minyak Goreng Curah,,29495.7,,exact,partial_demand,False,demand_only,0.5,0.050593980440542106
2018,DKI Jakarta,Minyak Goreng Curah,,92898.59999999999,,exact,partial_demand,False,demand_only,0.5,0.18506641998394716
2018,Gorontalo,Minyak Goreng Curah,,12670.439999999999,,exact,partial_demand,False,demand_only,0.5,0.014908960383855864
2018,Jambi,Minyak Goreng Curah,,42207.2,,exact,partial_demand,False,demand_only,0.5,0.07755404717654303
2018,Jawa Barat,Minyak Goreng Curah,,436527.39999999997,,exact,partial_demand,False,demand_only,0.5,0.9138754024338481
2018,Jawa Tengah,Minyak Goreng Curah,,420572.9,,exact,partial_demand,False,demand_only,0.5,0.8800371941390344
2018,Jawa Timur,Minyak Goreng Curah,,361967.98,,exact,partial_demand,False,demand_only,0.5,0.7557408833764968
2018,Kalimantan Barat,Minyak Goreng Curah,,44398.200000000004,,exact,partial_demand,False,demand_only,0.5,0.08220098154452307
2018,Kalimantan Selatan,Minyak Goreng Curah,,41503.68,,exact,partial_demand,False,demand_only,0.5,0.07606193797227043
2018,Kalimantan Tengah,Minyak Goreng Curah,,29303.500000000004,,exact,partial_demand,False,demand_only,0.5,0.050186339735144685
2018,Kalimantan Timur,Minyak Goreng Curah,,22191.520000000004,,exact,partial_demand,False,demand_only,0.5,0.035102403502197836
2018,Kalimantan Utara,Minyak Goreng Curah,,6669.66,,exact,partial_demand,False,demand_only,0.5,0.002181789769210884
2018,Kepulauan Bangka Belitung,Minyak Goreng Curah,,14112.279999999999,,exact,partial_demand,False,demand_only,0.5,0.017966986786926754
2018,Kepulauan Riau,Minyak Goreng Curah,,22799.050000000003,,exact,partial_demand,False,demand_only,0.5,0.03639092565490386
2018,Lampung,Minyak Goreng Curah,,104751.9,,exact,partial_demand,False,demand_only,0.5,0.21020631370552526
2018,Maluku,Minyak Goreng Curah,,11232.42,,exact,partial_demand,False,demand_only,0.5,0.011859035892827737
2018,Maluku Utara,Minyak Goreng Curah,,14012.759999999998,,exact,partial_demand,False,demand_only,0.5,0.017755912889938448
2018,Nusa Tenggara Barat,Minyak Goreng Curah,,40690.81,,exact,partial_demand,False,demand_only,0.5,0.07433790623347539
2018,Nusa Tenggara Timur,Minyak Goreng Curah,,29861.520000000004,,exact,partial_demand,False,demand_only,0.5,0.05136985516920229
2018,Papua,Minyak Goreng Curah,,8910.88,,exact,partial_demand,False,demand_only,0.5,0.0069352367086012
2018,Papua Barat,Minyak Goreng Curah,,5934.76,,exact,partial_demand,False,demand_only,0.5,0.0006231261147022051
2018,Riau,Minyak Goreng Curah,,76966.56,,exact,partial_demand,False,demand_only,0.5,0.15127584753847367
2018,Sulawesi Barat,Minyak Goreng Curah,,8846.74,,exact,partial_demand,False,demand_only,0.5,0.006799200939380645
2018,Sulawesi Selatan,Minyak Goreng Curah,,64072.770000000004,,exact,partial_demand,False,demand_only,0.5,0.12392915840816009
2018,Sulawesi Tengah,Minyak Goreng Curah,,20199.04,,exact,partial_demand,False,demand_only,0.5,0.03087651405011529
2018,Sulawesi Tenggara,Minyak Goreng Curah,,17303.87,,exact,partial_demand,False,demand_only,0.5,0.02473609188026375
2018,Sulawesi Utara,Minyak Goreng Curah,,22587.620000000003,,exact,partial_demand,False,demand_only,0.5,0.03594249966977286
2018,Sumatera Barat,Minyak Goreng Curah,,60917.29000000001,,exact,partial_demand,False,demand_only,0.5,0.11723663971374038
2018,Sumatera Selatan,Minyak Goreng Curah,,83035.05,,exact,partial_demand,False,demand_only,0.5,0.16414662560453624
2018,Sumatera Utara,Minyak Goreng Curah,,153122.25999999998,,exact,partial_demand,False,demand_only,0.5,0.3127959477883943
2019,Aceh,Minyak Goreng Curah,,50634.0,,exact,partial_demand,False,demand_only,0.5,0.09542661063254215
2019,Bali,Minyak Goreng Curah,,32567.49,,exact,partial_demand,False,demand_only,0.5,0.05710899939180516
2019,Banten,Minyak Goreng Curah,,121612.77999999998,,exact,partial_demand,False,demand_only,0.5,0.2459668809106311
2019,Bengkulu,Minyak Goreng Curah,,21166.2,,exact,partial_demand,False,demand_only,0.5,0.032927782440501215
2019,DI Yogyakarta,Minyak Goreng Curah,,29495.7,,exact,partial_demand,False,demand_only,0.5,0.050593980440542106
2019,DKI Jakarta,Minyak Goreng Curah,,96102.0,,exact,partial_demand,False,demand_only,0.5,0.19186057313519647
2019,Gorontalo,Minyak Goreng Curah,,12670.439999999999,,exact,partial_demand,False,demand_only,0.5,0.014908960383855864
2019,Jambi,Minyak Goreng Curah,,42584.05,,exact,partial_demand,False,demand_only,0.5,0.07835331564599685
2019,Jawa Barat,Minyak Goreng Curah,,441603.3,,exact,partial_demand,False,demand_only,0.5,0.9246409771296171
2019,Jawa Tengah,Minyak Goreng Curah,,432043.07000000007,,exact,partial_demand,False,demand_only,0.5,0.9043645000174341
2019,Jawa Timur,Minyak Goreng Curah,,366176.91,,exact,partial_demand,False,demand_only,0.5,0.7646676845948547
2019,Kalimantan Barat,Minyak Goreng Curah,,43245.0,,exact,partial_demand,False,demand_only,0.5,0.0797551373121385
2019,Kalimantan Selatan,Minyak Goreng Curah,,42800.670000000006,,exact,partial_demand,False,demand_only,0.5,0.0788127492027252
2019,Kalimantan Tengah,Minyak Goreng Curah,,29872.5,,exact,partial_demand,False,demand_only,0.5,0.051393142864026756
2019,Kalimantan Timur,Minyak Goreng Curah,,23471.800000000003,,exact,partial_demand,False,demand_only,0.5,0.03781777416976399
2019,Kalimantan Utara,Minyak Goreng Curah,,6294.96,,exact,partial_demand,False,demand_only,0.5,0.0013870812764303672
2019,Kepulauan Bangka Belitung,Minyak Goreng Curah,,14422.44,,exact,partial_demand,False,demand_only,0.5,0.018624811142733545
2019,Kepulauan Riau,Minyak Goreng Curah,,22799.050000000003,,exact,partial_demand,False,demand_only,0.5,0.03639092565490386
2019,Lampung,Minyak Goreng Curah,,107608.77,,exact,partial_demand,False,demand_only,0.5,0.21626550466301092
2019,Maluku,Minyak Goreng Curah,,11823.599999999999,,exact,partial_demand,False,demand_only,0.5,0.013112881013623
2019,Maluku Utara,Minyak Goreng Curah,,8654.939999999999,,exact,partial_demand,False,demand_only,0.5,0.006392408601736385
2019,Nusa Tenggara Barat,Minyak Goreng Curah,,45275.69,,exact,partial_demand,False,demand_only,0.5,0.08406206709384245
2019,Nusa Tenggara Timur,Minyak Goreng Curah,,31584.300000000003,,exact,partial_demand,False,demand_only,0.5,0.055023732663711016
2019,Papua,Minyak Goreng Curah,,8910.88,,exact,partial_demand,False,demand_only,0.5,0.0069352367086012
2019,Papua Barat,Minyak Goreng Curah,,5934.76,,exact,partial_demand,False,demand_only,0.5,0.0006231261147022051
2019,Riau,Minyak Goreng Curah,,77647.68000000001,,exact,partial_demand,False,demand_only,0.5,0.15272044814856886
2019,Sulawesi Barat,Minyak Goreng Curah,,8389.15,,exact,partial_demand,False,demand_only,0.5,0.005828689438949801
2019,Sulawesi Selatan,Minyak Goreng Curah,,62160.15,,exact,partial_demand,False,demand_only,0.5,0.11987264557799762
2019,Sulawesi Tengah,Minyak Goreng Curah,,19567.82,,exact,partial_demand,False,demand_only,0.5,0.029537747317227865
2019,Sulawesi Tenggara,Minyak Goreng Curah,,17020.199999999997,,exact,partial_demand,False,demand_only,0.5,0.02413445067891053
2019,Sulawesi Utara,Minyak Goreng Curah,,23131.9,,exact,partial_demand,False,demand_only,0.5,0.03709687367150913
2019,Sumatera Barat,Minyak Goreng Curah,,63874.44000000001,,exact,partial_demand,False,demand_only,0.5,0.12350851646694536
2019,Sumatera Selatan,Minyak Goreng Curah,,84820.75,,exact,partial_demand,False,demand_only,0.5,0.16793395134661837
2019,Sumatera Utara,Minyak Goreng Curah,,161015.15999999997,,exact,partial_demand,False,demand_only,0.5,0.3295361523858519
2020,Aceh,Minyak Goreng Curah,,52884.4,,exact,partial_demand,False,demand_only,0.5,0.10019952761186768
2020,Bali,Minyak Goreng Curah,,34352.01,,exact,partial_demand,False,demand_only,0.5,0.060893822449015436
2020,Banten,Minyak Goreng Curah,,129135.22,,exact,partial_demand,False,demand_only,0.5,0.2619213697134918
2020,Bengkulu,Minyak Goreng Curah,,21593.8,,exact,partial_demand,False,demand_only,0.5,0.03383468756863825
2020,DI Yogyakarta,Minyak Goreng Curah,,29495.7,,exact,partial_demand,False,demand_only,0.5,0.050593980440542106
2020,DKI Jakarta,Minyak Goreng Curah,,101441.0,,exact,partial_demand,False,demand_only,0.5,0.20318416172061196
2020,Gorontalo,Minyak Goreng Curah,,12670.439999999999,,exact,partial_demand,False,demand_only,0.5,0.014908960383855864
2020,Jambi,Minyak Goreng Curah,,44091.45,,exact,partial_demand,False,demand_only,0.5,0.08155038952381202
2020,Jawa Barat,Minyak Goreng Curah,,441603.3,,exact,partial_demand,False,demand_only,0.5,0.9246409771296171
2020,Jawa Tengah,Minyak Goreng Curah,,420572.9,,exact,partial_demand,False,demand_only,0.5,0.8800371941390344
2020,Jawa Timur,Minyak Goreng Curah,,387221.56,,exact,partial_demand,False,demand_only,0.5,0.8093016906866441
2020,Kalimantan Barat,Minyak Goreng Curah,,47281.2,,exact,partial_demand,False,demand_only,0.5,0.08831559212548444
2020,Kalimantan Selatan,Minyak Goreng Curah,,43665.33,,exact,partial_demand,False,demand_only,0.5,0.08064662335636172
2020,Kalimantan Tengah,Minyak Goreng Curah,,29303.500000000004,,exact,partial_demand,False,demand_only,0.5,0.050186339735144685
2020,Kalimantan Timur,Minyak Goreng Curah,,25178.840000000004,,exact,partial_demand,False,demand_only,0.5,0.04143826839318555
2020,Kalimantan Utara,Minyak Goreng Curah,,6294.96,,exact,partial_demand,False,demand_only,0.5,0.0013870812764303672
2020,Kepulauan Bangka Belitung,Minyak Goreng Curah,,14267.359999999999,,exact,partial_demand,False,demand_only,0.5,0.018295898964830148
2020,Kepulauan Riau,Minyak Goreng Curah,,23020.4,,exact,partial_demand,False,demand_only,0.5,0.03686039116031343
2020,Lampung,Minyak Goreng Curah,,104751.9,,exact,partial_demand,False,demand_only,0.5,0.21020631370552526
2020,Maluku,Minyak Goreng Curah,,12020.659999999998,,exact,partial_demand,False,demand_only,0.5,0.013530829387221423
2020,Maluku Utara,Minyak Goreng Curah,,8654.939999999999,,exact,partial_demand,False,demand_only,0.5,0.006392408601736385
2020,Nusa Tenggara Barat,Minyak Goreng Curah,,38971.48,,exact,partial_demand,False,demand_only,0.5,0.07069134591083774
2020,Papua,Minyak Goreng Curah,,9984.48,,exact,partial_demand,False,demand_only,0.5,0.00921225575810524
2020,Papua Barat,Minyak Goreng Curah,,5640.96,,exact,partial_demand,False,demand_only,0.5,0.0
2020,Riau,Minyak Goreng Curah,,83096.64,,exact,partial_demand,False,demand_only,0.5,0.16427725302933036
2020,Sulawesi Barat,Minyak Goreng Curah,,8694.21,,exact,partial_demand,False,demand_only,0.5,0.006475697105903695
2020,Sulawesi Selatan,Minyak Goreng Curah,,66941.7,,exact,partial_demand,False,demand_only,0.5,0.13001392765340375
2020,Sulawesi Tengah,Minyak Goreng Curah,,21145.87,,exact,partial_demand,False,demand_only,0.5,0.03288466414944643
2020,Sulawesi Tenggara,Minyak Goreng Curah,,17020.199999999997,,exact,partial_demand,False,demand_only,0.5,0.02413445067891053
2020,Sulawesi Utara,Minyak Goreng Curah,,23131.9,,exact,partial_demand,False,demand_only,0.5,0.03709687367150913
2020,Sumatera Barat,Minyak Goreng Curah,,65057.3,,exact,partial_demand,False,demand_only,0.5,0.12601726716822734
2020,Sumatera Selatan,Minyak Goreng Curah,,85713.59999999999,,exact,partial_demand,False,demand_only,0.5,0.1698276142176594
2020,Sumatera Utara,Minyak Goreng Curah,,165750.9,,exact,partial_demand,False,demand_only,0.5,0.3395802751443264
2021,Aceh,Minyak Goreng Curah,,53447.0,,exact,partial_demand,False,demand_only,0.5,0.10139275685669906
2021,Bali,Minyak Goreng Curah,,38813.31,,exact,partial_demand,False,demand_only,0.5,0.0703558800920411
2021,Banten,Minyak Goreng Curah,,140418.87999999998,,exact,partial_demand,False,demand_only,0.5,0.2858531029177827
2021,Bengkulu,Minyak Goreng Curah,,22449.0,,exact,partial_demand,False,demand_only,0.5,0.035648497824912334
2021,DI Yogyakarta,Minyak Goreng Curah,,34033.5,,exact,partial_demand,False,demand_only,0.5,0.060218288416361246
2021,DKI Jakarta,Minyak Goreng Curah,,105712.2,,exact,partial_demand,False,demand_only,0.5,0.21224303258894434
2021,Gorontalo,Minyak Goreng Curah,,13539.980000000001,,exact,partial_demand,False,demand_only,0.5,0.01675318462408104
2021,Jambi,Minyak Goreng Curah,,45975.7,,exact,partial_demand,False,demand_only,0.5,0.08554673187108101
2021,Jawa Barat,Minyak Goreng Curah,,477134.60000000003,,exact,partial_demand,False,demand_only,0.5,1.0
2021,Jawa Tengah,Minyak Goreng Curah,,451160.02,,exact,partial_demand,False,demand_only,0.5,0.9449100098147665
2021,Jawa Timur,Minyak Goreng Curah,,420893.0,,exact,partial_demand,False,demand_only,0.5,0.8807161004335073
2021,Kalimantan Barat,Minyak Goreng Curah,,49587.6,,exact,partial_demand,False,demand_only,0.5,0.09320728059025356
2021,Kalimantan Selatan,Minyak Goreng Curah,,46691.64000000001,,exact,partial_demand,False,demand_only,0.5,0.08706518289408953
2021,Kalimantan Tengah,Minyak Goreng Curah,,30726.000000000004,,exact,partial_demand,False,demand_only,0.5,0.05320334755734988
2021,Kalimantan Timur,Minyak Goreng Curah,,27739.4,,exact,partial_demand,False,demand_only,0.5,0.04686900972831787
2021,Kalimantan Utara,Minyak Goreng Curah,,6819.54,,exact,partial_demand,False,demand_only,0.5,0.0024996731663230916
2021,Kepulauan Bangka Belitung,Minyak Goreng Curah,,13957.199999999999,,exact,partial_demand,False,demand_only,0.5,0.017638074609023353
2021,Kepulauan Riau,Minyak Goreng Curah,,25455.25,,exact,partial_demand,False,demand_only,0.5,0.04202451171981875
2021,Lampung,Minyak Goreng Curah,,112370.22,,exact,partial_demand,False,demand_only,0.5,0.22636415625882036
2021,Maluku,Minyak Goreng Curah,,13597.14,,exact,partial_demand,False,demand_only,0.5,0.016874416376008804
2021,Maluku Utara,Minyak Goreng Curah,,9753.98,,exact,partial_demand,False,demand_only,0.5,0.008723383840341938
2021,Nusa Tenggara Barat,Minyak Goreng Curah,,51006.79000000001,,exact,partial_demand,False,demand_only,0.5,0.0962172681693013
2021,Nusa Tenggara Timur,Minyak Goreng Curah,,37326.9,,exact,partial_demand,False,demand_only,0.5,0.06720332431207345
2021,Papua,Minyak Goreng Curah,,10091.84,,exact,partial_demand,False,demand_only,0.5,0.009439957663055646
2021,Papua Barat,Minyak Goreng Curah,,6346.080000000001,,exact,partial_demand,False,demand_only,0.5,0.0014955026752852929
2021,Riau,Minyak Goreng Curah,,87183.36,,exact,partial_demand,False,demand_only,0.5,0.17294485668990145
2021,Sulawesi Barat,Minyak Goreng Curah,,11134.689999999999,,exact,partial_demand,False,demand_only,0.5,0.01165175844153486
2021,Sulawesi Selatan,Minyak Goreng Curah,,71723.25,,exact,partial_demand,False,demand_only,0.5,0.1401552097288099
2021,Sulawesi Tengah,Minyak Goreng Curah,,23355.14,,exact,partial_demand,False,demand_only,0.5,0.037570347714552414
2021,Sulawesi Tenggara,Minyak Goreng Curah,,18722.219999999998,,exact,partial_demand,False,demand_only,0.5,0.02774429788702982
2021,Sulawesi Utara,Minyak Goreng Curah,,23676.18,,exact,partial_demand,False,demand_only,0.5,0.03825124767324539
2021,Sumatera Barat,Minyak Goreng Curah,,66240.16,,exact,partial_demand,False,demand_only,0.5,0.12852601786950935
2021,Sumatera Selatan,Minyak Goreng Curah,,90177.84999999999,,exact,partial_demand,False,demand_only,0.5,0.1792959285728647
2021,Sumatera Utara,Minyak Goreng Curah,,172065.22,,exact,partial_demand,False,demand_only,0.5,0.3529724388222925
2022,Aceh,Minyak Goreng Curah,,55134.8,,exact,partial_demand,False,demand_only,0.5,0.10497244459119322
2022,Bali,Minyak Goreng Curah,,39705.57,,exact,partial_demand,False,demand_only,0.5,0.07224829162064625
2022,Banten,Minyak Goreng Curah,,139165.13999999998,,exact,partial_demand,False,demand_only,0.5,0.28319402145063927
2022,Bengkulu,Minyak Goreng Curah,,19669.6,,exact,partial_demand,False,demand_only,0.5,0.029753614492021567
2022,DI Yogyakarta,Minyak Goreng Curah,,29495.7,,exact,partial_demand,False,demand_only,0.5,0.050593980440542106
2022,DKI Jakarta,Minyak Goreng Curah,,121729.2,,exact,partial_demand,False,demand_only,0.5,0.2462137983451908
2022,Gorontalo,Minyak Goreng Curah,,13539.980000000001,,exact,partial_demand,False,demand_only,0.5,0.01675318462408104
2022,Jambi,Minyak Goreng Curah,,44845.15,,exact,partial_demand,False,demand_only,0.5,0.08314892646271962
2022,Jawa Barat,Minyak Goreng Curah,,461906.89999999997,,exact,partial_demand,False,demand_only,0.5,0.967703275912693
2022,Jawa Tengah,Minyak Goreng Curah,,389985.77999999997,,exact,partial_demand,False,demand_only,0.5,0.8151643784633021
2022,Jawa Timur,Minyak Goreng Curah,,387221.56,,exact,partial_demand,False,demand_only,0.5,0.8093016906866441
2022,Kalimantan Barat,Minyak Goreng Curah,,49011.0,,exact,partial_demand,False,demand_only,0.5,0.09198435847406128
2022,Kalimantan Selatan,Minyak Goreng Curah,,42800.670000000006,,exact,partial_demand,False,demand_only,0.5,0.0788127492027252
2022,Kalimantan Tengah,Minyak Goreng Curah,,29872.5,,exact,partial_demand,False,demand_only,0.5,0.051393142864026756
2022,Kalimantan Timur,Minyak Goreng Curah,,27739.4,,exact,partial_demand,False,demand_only,0.5,0.04686900972831787
2022,Kalimantan Utara,Minyak Goreng Curah,,6969.42,,exact,partial_demand,False,demand_only,0.5,0.002817556563435299
2022,Kepulauan Bangka Belitung,Minyak Goreng Curah,,12561.48,,exact,partial_demand,False,demand_only,0.5,0.014677865007892787
2022,Kepulauan Riau,Minyak Goreng Curah,,23905.800000000003,,exact,partial_demand,False,demand_only,0.5,0.03873825318195173
2022,Lampung,Minyak Goreng Curah,,97133.57999999999,,exact,partial_demand,False,demand_only,0.5,0.19404847115223012
2022,Maluku,Minyak Goreng Curah,,13794.199999999999,,exact,partial_demand,False,demand_only,0.5,0.017292364749607225
2022,Maluku Utara,Minyak Goreng Curah,,10990.4,,exact,partial_demand,False,demand_only,0.5,0.011345730983773184
2022,Nusa Tenggara Barat,Minyak Goreng Curah,,51006.79000000001,,exact,partial_demand,False,demand_only,0.5,0.0962172681693013
2022,Nusa Tenggara Timur,Minyak Goreng Curah,,37326.9,,exact,partial_demand,False,demand_only,0.5,0.06720332431207345
2022,Papua,Minyak Goreng Curah,,10950.719999999998,,exact,partial_demand,False,demand_only,0.5,0.011261572902658872
2022,Papua Barat,Minyak Goreng Curah,,6346.080000000001,,exact,partial_demand,False,demand_only,0.5,0.0014955026752852929
2022,Riau,Minyak Goreng Curah,,81734.4,,exact,partial_demand,False,demand_only,0.5,0.16138805180913995
2022,Sulawesi Barat,Minyak Goreng Curah,,10066.98,,exact,partial_demand,False,demand_only,0.5,0.009387231607196227
2022,Sulawesi Selatan,Minyak Goreng Curah,,67898.01,,exact,partial_demand,False,demand_only,0.5,0.13204218406848497
2022,Sulawesi Tengah,Minyak Goreng Curah,,26511.24,,exact,partial_demand,False,demand_only,0.5,0.04426418137898955
2022,Sulawesi Tenggara,Minyak Goreng Curah,,14750.84,,exact,partial_demand,False,demand_only,0.5,0.01932132106808482
2022,Sulawesi Utara,Minyak Goreng Curah,,25309.020000000004,,exact,partial_demand,False,demand_only,0.5,0.04171436967845421
2022,Sumatera Barat,Minyak Goreng Curah,,68014.45,,exact,partial_demand,False,demand_only,0.5,0.13228914392143232
2022,Sumatera Selatan,Minyak Goreng Curah,,84820.75,,exact,partial_demand,False,demand_only,0.5,0.16793395134661837
2022,Sumatera Utara,Minyak Goreng Curah,,175222.37999999998,,exact,partial_demand,False,demand_only,0.5,0.35966852066127547
2023,Aceh,Minyak Goreng Curah,,52884.4,,exact,partial_demand,False,demand_only,0.5,0.10019952761186768
2023,Bali,Minyak Goreng Curah,,40151.700000000004,,exact,partial_demand,False,demand_only,0.5,0.07319449738494883
2023,Banten,Minyak Goreng Curah,,134150.18,,exact,partial_demand,False,demand_only,0.5,0.2725576955820655
2023,Bengkulu,Minyak Goreng Curah,,22235.2,,exact,partial_demand,False,demand_only,0.5,0.03519504526084382
2023,DI Yogyakarta,Minyak Goreng Curah,,31386.450000000004,,exact,partial_demand,False,demand_only,0.5,0.05460410876380009
2023,DKI Jakarta,Minyak Goreng Curah,,101441.0,,exact,partial_demand,False,demand_only,0.5,0.20318416172061196
2023,Gorontalo,Minyak Goreng Curah,,12297.78,,exact,partial_demand,False,demand_only,0.5,0.014118578566616509
2023,Jambi,Minyak Goreng Curah,,45598.85,,exact,partial_demand,False,demand_only,0.5,0.08474746340162721
2023,Jawa Barat,Minyak Goreng Curah,,472058.7,,exact,partial_demand,False,demand_only,0.5,0.989234425304231
2023,Jawa Tengah,Minyak Goreng Curah,,359398.66000000003,,exact,partial_demand,False,demand_only,0.5,0.7502915627875701
2023,Jawa Timur,Minyak Goreng Curah,,404057.28,,exact,partial_demand,False,demand_only,0.5,0.8450088955600759
2023,Kalimantan Barat,Minyak Goreng Curah,,50164.2,,exact,partial_demand,False,demand_only,0.5,0.09443020270644584
2023,Kalimantan Selatan,Minyak Goreng Curah,,41071.35,,exact,partial_demand,False,demand_only,0.5,0.07514500089545216
2023,Kalimantan Tengah,Minyak Goreng Curah,,30157.0,,exact,partial_demand,False,demand_only,0.5,0.051996544428467795
2023,Kalimantan Timur,Minyak Goreng Curah,,44383.04000000001,,exact,partial_demand,False,demand_only,0.5,0.082168828406678
2023,Kalimantan Utara,Minyak Goreng Curah,,6519.779999999999,,exact,partial_demand,False,demand_only,0.5,0.001863906372098675
2023,Kepulauan Bangka Belitung,Minyak Goreng Curah,,13336.88,,exact,partial_demand,False,demand_only,0.5,0.01632242589740977
2023,Kepulauan Riau,Minyak Goreng Curah,,23905.800000000003,,exact,partial_demand,False,demand_only,0.5,0.03873825318195173
2023,Lampung,Minyak Goreng Curah,,105704.18999999999,,exact,partial_demand,False,demand_only,0.5,0.21222604402468712
2023,Maluku,Minyak Goreng Curah,,13203.02,,exact,partial_demand,False,demand_only,0.5,0.016038519628811962
2023,Maluku Utara,Minyak Goreng Curah,,10303.5,,exact,partial_demand,False,demand_only,0.5,0.009888871459644715
2023,Nusa Tenggara Barat,Minyak Goreng Curah,,46995.02,,exact,partial_demand,False,demand_only,0.5,0.0877086274164801
2023,Nusa Tenggara Timur,Minyak Goreng Curah,,36752.64000000001,,exact,partial_demand,False,demand_only,0.5,0.06598536514723721
2023,Papua,Minyak Goreng Curah,,10736.0,,exact,partial_demand,False,demand_only,0.5,0.01080616909275807
2023,Papua Barat,Minyak Goreng Curah,,6404.84,,exact,partial_demand,False,demand_only,0.5,0.0016201278982257324
2023,Riau,Minyak Goreng Curah,,82415.51999999999,,exact,partial_demand,False,demand_only,0.5,0.16283265241923514
2023,Sulawesi Barat,Minyak Goreng Curah,,10677.1,,exact,partial_demand,False,demand_only,0.5,0.01068124694110402
2023,Sulawesi Selatan,Minyak Goreng Curah,,72679.56,,exact,partial_demand,False,demand_only,0.5,0.14218346614389113
2023,Sulawesi Tengah,Minyak Goreng Curah,,24617.579999999998,,exact,partial_demand,False,demand_only,0.5,0.040247881180327266
2023,Sulawesi Tenggara,Minyak Goreng Curah,,19005.89,,exact,partial_demand,False,demand_only,0.5,0.028345939088383038
2023,Sulawesi Utara,Minyak Goreng Curah,,27486.14,,exact,partial_demand,False,demand_only,0.5,0.04633186568539928
2023,Sumatera Barat,Minyak Goreng Curah,,66831.59000000001,,exact,partial_demand,False,demand_only,0.5,0.12978039322015036
2023,Sumatera Selatan,Minyak Goreng Curah,,87499.3,,exact,partial_demand,False,demand_only,0.5,0.17361493995974153
2023,Sumatera Utara,Minyak Goreng Curah,,168908.05999999997,,exact,partial_demand,False,demand_only,0.5,0.3462763569833094
